dataset,model,seed,epoch,loss,train_r2,valid_r2
ppb,PyG_GAT_h128_e100,44,1,0.9032342744830214,0.09704521264107391,0.02826121184807151
ppb,PyG_GAT_h128_e100,44,2,0.8627541664941811,0.18479249548256826,0.07231971324726805
ppb,PyG_GAT_h128_e100,44,3,0.8298416632561036,0.17983809177751242,0.04188746601670734
ppb,PyG_GAT_h128_e100,44,4,0.8097201228877644,0.2364060490502362,0.15237436579277241
ppb,PyG_GAT_h128_e100,44,5,0.8039199938008814,0.22517834436331097,0.15434451298087337
ppb,PyG_GAT_h128_e100,44,6,0.7642790853609274,0.18050784357026517,0.041877221913704576
ppb,PyG_GAT_h128_e100,44,7,0.766126862646621,0.2886329762994412,0.15184755198504163
ppb,PyG_GAT_h128_e100,44,8,0.7812901595492422,0.3108504246496978,0.17565823686895654
ppb,PyG_GAT_h128_e100,44,9,0.7401819026764528,0.31189393809819455,0.1857879246229095
ppb,PyG_GAT_h128_e100,44,10,0.7356997678677241,0.29785358664146155,0.15993261101930722
ppb,PyG_GAT_h128_e100,44,11,0.740690506166882,0.2814180961606334,0.1550098772859012
ppb,PyG_GAT_h128_e100,44,12,0.7512283937798606,0.3034715466235475,0.15692796378860396
ppb,PyG_GAT_h128_e100,44,13,0.6978028758808419,0.25195820147006387,0.07354833673219474
ppb,PyG_GAT_h128_e100,44,14,0.7268109674806948,0.3172843959914855,0.1763492686536987
ppb,PyG_GAT_h128_e100,44,15,0.7149638929116873,0.3647009622029549,0.25044283747053897
ppb,PyG_GAT_h128_e100,44,16,0.7024145308468077,0.1385471960804333,0.03528667204558111
ppb,PyG_GAT_h128_e100,44,17,0.698550272135087,0.4165678828034045,0.2811462207476273
ppb,PyG_GAT_h128_e100,44,18,0.6924639136334996,0.36307098815941874,0.24750777195931895
ppb,PyG_GAT_h128_e100,44,19,0.7011696309955032,0.3543994862226322,0.22333383537523577
ppb,PyG_GAT_h128_e100,44,20,0.707669188486941,0.3831697240544836,0.2566689725540817
ppb,PyG_GAT_h128_e100,44,21,0.6910466570177196,0.28663186991474576,0.13269101689932017
ppb,PyG_GAT_h128_e100,44,22,0.7135331283013026,0.3721761702370472,0.23226594897013697
ppb,PyG_GAT_h128_e100,44,23,0.681676905280278,0.3742379848955266,0.22801617511348504
ppb,PyG_GAT_h128_e100,44,24,0.6758927296341202,0.3343151613026374,0.16875827614896932
ppb,PyG_GAT_h128_e100,44,25,0.6750727231487815,0.313443809629366,0.11805274794669662
ppb,PyG_GAT_h128_e100,44,26,0.6529544899125158,0.4068497516671117,0.230797130006272
ppb,PyG_GAT_h128_e100,44,27,0.6688066460652116,0.3098338439595073,0.13410703062131513
ppb,PyG_GAT_h128_e100,44,28,0.6598902983062062,0.19268010090147614,0.04037414125334804
ppb,PyG_GAT_h128_e100,44,29,0.6826560169826319,0.3100480681037052,0.15711436667180034
ppb,PyG_GAT_h128_e100,44,30,0.6767069158362754,0.3276882175066115,0.17837038207105782
ppb,PyG_GAT_h128_e100,44,31,0.658875635560648,0.3451048668507074,0.16721092348858257
ppb,PyG_GAT_h128_e100,44,32,0.6756746237292702,0.29748848421924357,0.1165976959174918
ppb,PyG_GAT_h128_e100,44,33,0.668890557171386,0.3927302168028929,0.22204417380978925
ppb,PyG_GAT_h128_e100,44,34,0.6586381596179656,0.3255477720012723,0.1659264889235701
ppb,PyG_GAT_h128_e100,44,35,0.6643142246721704,0.39162634413432995,0.2325285642463012
ppb,PyG_GAT_h128_e100,44,36,0.645961457380542,0.3916033248404899,0.20526159508534358
ppb,PyG_GAT_h128_e100,44,37,0.6519448637594412,0.40014956780887423,0.21500371841973298
ppb,PyG_GAT_h128_e100,44,38,0.6445800800014425,0.4482493790494676,0.2562101193981158
ppb,PyG_GAT_h128_e100,44,39,0.6468350232383351,0.315552957875348,0.11222854976772245
ppb,PyG_GAT_h128_e100,44,40,0.6358988752335678,0.42277024926648654,0.28299065340289464
ppb,PyG_GAT_h128_e100,44,41,0.6775672895672881,0.41881817686593237,0.2627098749246546
ppb,PyG_GAT_h128_e100,44,42,0.635370530647996,0.4291645421463548,0.2597696083009208
ppb,PyG_GAT_h128_e100,44,43,0.6317696924562808,0.3624642679234137,0.21216953957289852
ppb,PyG_GAT_h128_e100,44,44,0.6408481507757564,0.4206959236387632,0.2770769160581633
ppb,PyG_GAT_h128_e100,44,45,0.6315347701311111,0.42106281265592027,0.21092411837761005
ppb,PyG_GAT_h128_e100,44,46,0.5988101245444498,0.43232858367721627,0.22554351373951698
ppb,PyG_GAT_h128_e100,44,47,0.6326298962036768,0.4655756769005609,0.24480702129010445
ppb,PyG_GAT_h128_e100,44,48,0.6431049798373822,0.3533611909149962,0.15835545058329592
ppb,PyG_GAT_h128_e100,44,49,0.6407767062385877,0.42507142942231224,0.2178521002978272
ppb,PyG_GAT_h128_e100,44,50,0.6245294796463884,0.45418187942055865,0.26538960271666756
ppb,PyG_GAT_h128_e100,44,51,0.6182494579273977,0.350957928022786,0.14145409599123693
ppb,PyG_GAT_h128_e100,44,52,0.6064442248991978,0.4114844575282549,0.21918970648174008
ppb,PyG_GAT_h128_e100,44,53,0.62268121191013,0.40286760409614353,0.21239021318189855
ppb,PyG_GAT_h128_e100,44,54,0.6184933483600616,0.42599402144658327,0.19847130909652688
ppb,PyG_GAT_h128_e100,44,55,0.6179399188653922,0.4390176878865033,0.22678414803051705
ppb,PyG_GAT_h128_e100,44,56,0.6210672678770842,0.4034013307993072,0.19431144595153615
ppb,PyG_GAT_h128_e100,44,57,0.6159586177931892,0.33331358948251033,0.10752121044586027
ppb,PyG_GAT_h128_e100,44,58,0.6048201294040975,0.4952565410901473,0.2509649271082388
ppb,PyG_GAT_h128_e100,44,59,0.5928359430881194,0.46751029779685127,0.23140761122808795
ppb,PyG_GAT_h128_e100,44,60,0.6181979290681121,0.44779864479193565,0.22004990398751823
ppb,PyG_GAT_h128_e100,44,61,0.6226265161861608,0.44774553212759605,0.21497579055664973
ppb,PyG_GAT_h128_e100,44,62,0.6341609601621274,0.382949258009632,0.14480196861924743
ppb,PyG_GAT_h128_e100,44,63,0.6170795580119263,0.4258915068789827,0.20779965804506395
ppb,PyG_GAT_h128_e100,44,64,0.5941068982636487,0.388488857636614,0.1897050968957732
ppb,PyG_GAT_h128_e100,44,65,0.6212644426175106,0.510912390410988,0.2758010080776414
ppb,PyG_GAT_h128_e100,43,1,0.9421292841434479,0.04050755750748236,-0.047574771746208055
ppb,PyG_GAT_h128_e100,43,2,0.9007476310671112,0.13162458791573495,0.04461182574827327
ppb,PyG_GAT_h128_e100,43,3,0.844684350637742,0.21734534112058645,0.12485351188349847
ppb,PyG_GAT_h128_e100,43,4,0.8279734537189389,0.2050334496320243,0.10978018693309965
ppb,PyG_GAT_h128_e100,43,5,0.8187783511332524,0.11400875536280364,0.03465340398163208
ppb,PyG_GAT_h128_e100,43,6,0.819253530215334,0.2826086430564613,0.22495279025911818
ppb,PyG_GAT_h128_e100,43,7,0.7589979666618654,0.24423669647819424,0.14749661673738157
ppb,PyG_GAT_h128_e100,43,8,0.768844048826047,0.23002734366452326,0.13378592617893414
ppb,PyG_GAT_h128_e100,43,9,0.7835665970672796,0.29808436453059695,0.19858731775352056
ppb,PyG_GAT_h128_e100,43,10,0.7556413848091055,0.3057610015358959,0.21853888700966484
ppb,PyG_GAT_h128_e100,43,11,0.7282356882904782,0.2978229339011522,0.19336012832192695
ppb,PyG_GAT_h128_e100,43,12,0.7225107911192341,0.285656238874905,0.18011048104142846
ppb,PyG_GAT_h128_e100,43,13,0.7331106191799964,0.3704324665443315,0.27210527304806464
ppb,PyG_GAT_h128_e100,43,14,0.7317701123746825,0.19102502093849427,0.01167542232969554
ppb,PyG_GAT_h128_e100,43,15,0.7154397826503824,0.3335739328686862,0.23940473862895495
ppb,PyG_GAT_h128_e100,43,16,0.7105416944365442,0.35318086729847753,0.19335570190075346
ppb,PyG_GAT_h128_e100,43,17,0.7017118557367796,0.3650813449541924,0.16987832756368004
ppb,PyG_GAT_h128_e100,43,18,0.7220867493270356,0.23893724595995547,0.098288827241103
ppb,PyG_GAT_h128_e100,43,19,0.6980107949103838,0.35750807898151493,0.2246814375961219
ppb,PyG_GAT_h128_e100,43,20,0.7116592072042418,0.37558104251835966,0.24062786408487868
ppb,PyG_GAT_h128_e100,43,21,0.7032563171268981,0.3489516782878457,0.1919321136576735
ppb,PyG_GAT_h128_e100,43,22,0.6993109168093882,0.25576456927518587,0.1466903399016226
ppb,PyG_GAT_h128_e100,43,23,0.6774963537851969,0.41386405049393715,0.26934540861357525
ppb,PyG_GAT_h128_e100,43,24,0.6820988883206873,0.4027173180260809,0.24335128284734053
ppb,PyG_GAT_h128_e100,43,25,0.6758831671358626,0.3185556990777133,0.18355015688709753
ppb,PyG_GAT_h128_e100,43,26,0.6662198321686851,0.13981622295965823,-0.061170136449458345
ppb,PyG_GAT_h128_e100,43,27,0.6917003906435437,0.3689379373424202,0.1855829472941617
ppb,PyG_GAT_h128_e100,43,28,0.657047528727555,0.42492132659588755,0.26003507078811194
ppb,PyG_GAT_h128_e100,43,29,0.6908349083897508,0.34188802294849385,0.1903344372875999
ppb,PyG_GAT_h128_e100,43,30,0.6478421089273912,0.310887358014294,0.13099060750540503
ppb,PyG_GAT_h128_e100,43,31,0.6489578704407186,0.32370467709901396,0.12953018384989345
ppb,PyG_GAT_h128_e100,43,32,0.6739251624654841,0.3745220196945418,0.21344424267587403
ppb,PyG_GAT_h128_e100,43,33,0.6779714877958651,0.4032827661840104,0.21505310935118627
ppb,PyG_GAT_h128_e100,43,34,0.6562303109669391,0.3620354827960204,0.2150508095479835
ppb,PyG_GAT_h128_e100,43,35,0.6451326095395618,0.41468568763008795,0.24547856476989227
ppb,PyG_GAT_h128_e100,43,36,0.6523900422049157,0.4025571174462671,0.23455185372570153
ppb,PyG_GAT_h128_e100,43,37,0.6546683743780042,0.3878136594797206,0.1882125690261447
ppb,PyG_GAT_h128_e100,43,38,0.6418597672456576,0.42408252512375744,0.26652443386264923
ppb,PyG_GAT_h128_e100,42,1,0.9536777036945995,0.1371232231191729,0.17080146206088842
ppb,PyG_GAT_h128_e100,42,2,0.8654860461630473,0.16141225237325596,0.11205153068516183
ppb,PyG_GAT_h128_e100,42,3,0.8502825905637044,0.08888572333006506,-0.04237731673627665
ppb,PyG_GAT_h128_e100,42,4,0.8310761251827565,0.21893663009083442,0.07366807035413525
ppb,PyG_GAT_h128_e100,42,5,0.799586180506683,0.17361550161844974,0.06785636339249379
ppb,PyG_GAT_h128_e100,42,6,0.7737058539216112,0.1395970700300324,0.002542204309330387
ppb,PyG_GAT_h128_e100,42,7,0.7665372214666227,0.17219998960666338,0.035927437521126926
ppb,PyG_GAT_h128_e100,42,8,0.7202889214201671,0.23564328575637783,0.052075518841764534
ppb,PyG_GAT_h128_e100,42,9,0.7242019245537316,0.09190503399970418,-0.04101491429834536
ppb,PyG_GAT_h128_e100,42,10,0.7362582254700545,0.3429457062894212,0.15847880189083197
ppb,PyG_GAT_h128_e100,42,11,0.7231018052595418,0.34449497197527934,0.14860352692152723
ppb,PyG_GAT_h128_e100,42,12,0.6978024360610218,0.38177196733638863,0.2219288416290982
ppb,PyG_GAT_h128_e100,42,13,0.7053259560247747,0.36521749334733833,0.18481062939025172
ppb,PyG_GAT_h128_e100,42,14,0.7343770767130503,0.205666668658113,0.023616280399276435
ppb,PyG_GAT_h128_e100,42,15,0.659405504784933,0.28858152363933887,0.10513671357762877
ppb,PyG_GAT_h128_e100,42,16,0.6673574702041906,0.2872938741865858,0.08951812610830412
ppb,PyG_GAT_h128_e100,42,17,0.6954235917911297,0.34218683724826693,0.1426272598697642
ppb,PyG_GAT_h128_e100,42,18,0.6714082738248314,0.36595118593855624,0.16699134806039928
ppb,PyG_GAT_h128_e100,42,19,0.6898764270107921,0.2790281922143518,0.07621621729676087
ppb,PyG_GAT_h128_e100,42,20,0.661955004785119,0.3346253898768734,0.12383753946454512
ppb,PyG_GAT_h128_e100,42,21,0.6639476389419742,0.17428797323375633,0.006899417877496039
ppb,PyG_GAT_h128_e100,42,22,0.6830550232311574,0.37823007333389036,0.16044346462377201
ppb,PyG_GAT_h128_e100,42,23,0.6887663094008841,0.41056842380517233,0.19841390510751966
ppb,PyG_GAT_h128_e100,42,24,0.6520851886853939,0.4110886989351925,0.19684120579603104
ppb,PyG_GAT_h128_e100,42,25,0.6308422190387074,0.3208353304552447,0.13326909254561636
ppb,PyG_GAT_h128_e100,42,26,0.6452352106571198,0.44083879815990645,0.23658594344924455
ppb,PyG_GAT_h128_e100,42,27,0.6289782425979289,0.42637676629154475,0.19815888735983023
ppb,PyG_GAT_h128_e100,42,28,0.6431439722456583,0.3692717193387126,0.18099078052693363
ppb,PyG_GAT_h128_e100,42,29,0.673619426605178,0.41824749504606273,0.1775850988384039
ppb,PyG_GAT_h128_e100,42,30,0.6213884927877565,0.4314228907184796,0.18588702900780474
ppb,PyG_GAT_h128_e100,42,31,0.6120962642314958,0.27921341968078295,0.06974292118999414
ppb,PyG_GAT_h128_e100,42,32,0.6408134324521553,0.31972272401013224,0.08438896558090103
ppb,PyG_GAT_h128_e100,42,33,0.6590000071176668,0.48921016703203823,0.2663747525590612
ppb,PyG_GAT_h128_e100,42,34,0.6267610817420773,0.3747171050293633,0.15214001808666522
ppb,PyG_GAT_h128_e100,42,35,0.6238284009258922,0.43749298872506126,0.20945141287481583
ppb,PyG_GAT_h128_e100,42,36,0.6355743124717619,0.44614822341757066,0.20864625841123519
ppb,PyG_GAT_h128_e100,42,37,0.6154030605060298,0.46968643022552226,0.23457391293148588
ppb,PyG_GAT_h128_e100,42,38,0.612515959434393,0.45399525040291366,0.1923018649676319
ppb,PyG_GAT_h128_e100,42,39,0.617326458779777,0.43873911300735835,0.21740846750840304
ppb,PyG_GAT_h128_e100,42,40,0.6206979664360605,0.49816748333948535,0.27385241038733776
ppb,PyG_GAT_h128_e100,42,41,0.6101417297997126,0.3956938954602035,0.19366397871752794
ppb,PyG_GAT_h128_e100,42,42,0.6309871986144926,0.43318276189786586,0.19364667987005113
ppb,PyG_GAT_h128_e100,42,43,0.611498228297001,0.3975929962477214,0.16545239757640917
ppb,PyG_GAT_h128_e100,42,44,0.6093925542947722,0.3503254189930979,0.1422433123738338
ppb,PyG_GAT_h128_e100,42,45,0.6178865323706371,0.41318452753556145,0.1847819225977706
ppb,PyG_GAT_h128_e100,42,46,0.5803320269759108,0.41724337077758045,0.15531123403085467
ppb,PyG_GAT_h128_e100,42,47,0.601556684185819,0.48432213757364584,0.2871367471511047
ppb,PyG_GAT_h128_e100,42,48,0.6156087677653242,0.3789777127577243,0.13967520809958922
ppb,PyG_GAT_h128_e100,42,49,0.5972020349851469,0.4127767539547833,0.17559573288219155
ppb,PyG_GAT_h128_e100,42,50,0.6299115819175068,0.43823819824073906,0.1970877582014806
ppb,PyG_GAT_h128_e100,42,51,0.6114377343073124,0.41572199874358673,0.1758196222857794
ppb,PyG_GAT_h128_e100,42,52,0.6265585564258622,0.4070386246647075,0.14440052120976776
ppb,PyG_GAT_h128_e100,42,53,0.6005699169345018,0.4188675595281748,0.17647239308985718
ppb,PyG_GAT_h128_e100,42,54,0.5991711601978396,0.5157673425139069,0.3041423659178526
ppb,PyG_GAT_h128_e100,42,55,0.5903838778414378,0.4272252308120691,0.1730595894455258
ppb,PyG_GAT_h128_e100,42,56,0.5958060611311983,0.3080858167544326,0.036528791965863894
ppb,PyG_GAT_h128_e100,42,57,0.6316016701663413,0.4443606016118705,0.2077794885730987
ppb,PyG_GAT_h128_e100,42,58,0.593596512951502,0.3869521265940482,0.1289222959757239
ppb,PyG_GAT_h128_e100,42,59,0.5758300002028303,0.4631216540170907,0.19179260553942723
ppb,PyG_GAT_h128_e100,42,60,0.6054460144624477,0.3520468651637001,0.12316676768542245
ppb,PyG_GAT_h128_e100,42,61,0.5867180758860053,0.35134596714641364,0.10981366059972941
ppb,PyG_GAT_h128_e100,42,62,0.5655797799912895,0.5125466785196265,0.2582054545576028
ppb,PyG_GAT_h128_e100,42,63,0.5785892994665518,0.4466746024367404,0.21155613046471533
ppb,PyG_GAT_h128_e100,42,64,0.580580646308457,0.39486605269232034,0.14946311134947687
ppb,PyG_GAT_h128_e100,42,65,0.5517890009938217,0.42890538115593957,0.20579321274117657
ppb,PyG_GAT_h128_e100,42,66,0.5981110312589785,0.5243521807262244,0.2721570145082425
ppb,PyG_GAT_h128_e100,42,67,0.5776416006975058,0.48625739338867846,0.22072070141928746
ppb,PyG_GAT_h128_e100,42,68,0.5562274408776585,0.39106598118001723,0.14240052806669223
ppb,PyG_GAT_h128_e100,42,69,0.5722414927511681,0.439760069855039,0.19059733059825545
ppb,PyG_GAT_h128_e100,42,70,0.5591812395467991,0.5203597499938597,0.2944230555787495
ppb,PyG_GAT_h128_e100,42,71,0.6024398829151945,0.43346044071668033,0.17654494387281405
ppb,PyG_GAT_h128_e100,42,72,0.56150918108661,0.5122573637371706,0.24066750491695854
ppb,PyG_GAT_h128_e100,42,73,0.5603775767291465,0.5140614697010273,0.2698029026449963
ppb,PyG_GAT_h128_e100,42,74,0.5758529948752101,0.5245752164405215,0.27468058445715215
ppb,PyG_GAT_h128_e100,42,75,0.5835153765794707,0.49939439935238517,0.27085130291021
ppb,PyG_GAT_h128_e100,42,76,0.6237379814066538,0.4595353231007261,0.21893006903228596
ppb,PyG_GAT_h128_e100,42,77,0.5744241207111173,0.5445811200592798,0.29692588642002005
ppb,PyG_GAT_h128_e100,42,78,0.5782738644175414,0.5493453441532119,0.2890984203895688
ppb,PyG_GAT_h128_e100,42,79,0.5842312821527806,0.5295316073287909,0.2583469172516818
ppb,Multimodal_ChemBERTa_GIN_e20,44,1,0.8885678753808692,0.2153207378510471,0.1825636962867142
ppb,Multimodal_ChemBERTa_GIN_e20,44,2,0.7508613693493383,0.3369291756172188,0.307818212782787
ppb,Multimodal_ChemBERTa_GIN_e20,44,3,0.7128297603792615,0.5039264484687307,0.36878749395883437
ppb,Multimodal_ChemBERTa_GIN_e20,44,4,0.5992917674191204,-0.26171694449338023,-0.3354063596450405
ppb,Multimodal_ChemBERTa_GIN_e20,44,5,0.5590287121357741,0.6404629011276712,0.46697035510453977
ppb,Multimodal_ChemBERTa_GIN_e20,44,6,0.4557979160712825,0.6419702748844149,0.3576079510002176
ppb,Multimodal_ChemBERTa_GIN_e20,44,7,0.37995279368794993,0.6676561191784847,0.3757601858874543
ppb,Multimodal_ChemBERTa_GIN_e20,44,8,0.3227716443347342,0.8066187016805759,0.43660116697716567
ppb,Multimodal_ChemBERTa_GIN_e20,44,9,0.2865304440535881,0.8366647561679584,0.3970837771763347
ppb,Multimodal_ChemBERTa_GIN_e20,44,10,0.2773213512091725,0.8439477488053979,0.40510190610775676
ppb,Multimodal_ChemBERTa_GIN_e20,44,11,0.22688361330900664,0.8569523242207016,0.36567272732717004
ppb,Multimodal_ChemBERTa_GIN_e20,44,12,0.22658399625876804,0.8461165792578137,0.4033393250199857
ppb,Multimodal_ChemBERTa_GIN_e20,44,13,0.19027760675475922,0.8679790993207414,0.30907137766287596
ppb,Multimodal_ChemBERTa_GIN_e20,44,14,0.17957431358503706,0.8940854760567283,0.41197462546369656
ppb,Multimodal_ChemBERTa_GIN_e20,44,15,0.1690025398576701,0.8319267138262145,0.37161031155221214
ppb,Multimodal_ChemBERTa_GIN_e20,44,16,0.16058570024683888,0.8845163213170879,0.36172779717903747
ppb,Multimodal_ChemBERTa_GIN_e20,44,17,0.1499134831958347,0.9036320931024361,0.3848080336472488
ppb,Multimodal_ChemBERTa_GIN_e20,44,18,0.1478653922447084,0.9120230567556407,0.37022653602208977
ppb,Multimodal_ChemBERTa_GIN_e20,44,19,0.1314337902047016,0.9043619979945987,0.3298924246595253
ppb,Multimodal_ChemBERTa_GIN_e20,44,20,0.13667945996110822,0.9149045823188777,0.4215424754642304
ppb,Multimodal_ChemBERTa_GIN_e20,43,1,0.909028274041635,0.16732537170168837,0.09883452015638539
ppb,Multimodal_ChemBERTa_GIN_e20,43,2,0.7850720394908646,0.2989169955241351,0.31733704522107553
ppb,Multimodal_ChemBERTa_GIN_e20,43,3,0.7371735063232021,0.44345763269244065,0.3028427562956336
ppb,Multimodal_ChemBERTa_GIN_e20,43,4,0.595440855824653,0.5409701463125995,0.34299787919082225
ppb,Multimodal_ChemBERTa_GIN_e20,43,5,0.5231296819301299,0.6184284072831863,0.35568003820326544
ppb,Multimodal_ChemBERTa_GIN_e20,43,6,0.44700456465835925,0.7315509439135752,0.3741755077544341
ppb,Multimodal_ChemBERTa_GIN_e20,43,7,0.38346238599883187,0.7570289121575511,0.42525617713384445
ppb,Multimodal_ChemBERTa_GIN_e20,43,8,0.33513088349574877,0.7257134587450644,0.41608394982254504
ppb,Multimodal_ChemBERTa_GIN_e20,43,9,0.30512501069425063,0.8170368623602462,0.4119384880126562
ppb,Multimodal_ChemBERTa_GIN_e20,43,10,0.29219340165088203,0.8497603224778049,0.4588978122453179
ppb,Multimodal_ChemBERTa_GIN_e20,43,11,0.24441064264119408,0.8261583279768627,0.4384344194681685
ppb,Multimodal_ChemBERTa_GIN_e20,43,12,0.22820222888279845,0.8643249381711597,0.43072693871448264
ppb,Multimodal_ChemBERTa_GIN_e20,43,13,0.20575788534349865,0.8637684470335105,0.43074154900989825
ppb,Multimodal_ChemBERTa_GIN_e20,43,14,0.1893133620881004,0.8563432793422296,0.3873852276204066
ppb,Multimodal_ChemBERTa_GIN_e20,43,15,0.172974393369607,0.8861948494022576,0.38823956874698917
ppb,Multimodal_ChemBERTa_GIN_e20,43,16,0.16397197047869363,0.9097159945843686,0.42986473069286835
ppb,Multimodal_ChemBERTa_GIN_e20,43,17,0.1709356055031588,0.9031486355691387,0.3509648779671789
ppb,Multimodal_ChemBERTa_GIN_e20,43,18,0.15432064545651278,0.8446055165909299,0.35267062604282673
ppb,Multimodal_ChemBERTa_GIN_e20,43,19,0.15143855339215126,0.9126969679638721,0.40256755661290755
ppb,Multimodal_ChemBERTa_GIN_e20,43,20,0.13694048889073324,0.9141323207646253,0.3508833309245175
ppb,Multimodal_ChemBERTa_GIN_e20,42,1,0.898344925708241,0.18453745863495397,0.20460239149817494
ppb,Multimodal_ChemBERTa_GIN_e20,42,2,0.7624214206948693,0.3451705019381489,0.352631617156162
ppb,Multimodal_ChemBERTa_GIN_e20,42,3,0.7089452848390296,0.38901559092221627,0.3040402837167232
ppb,Multimodal_ChemBERTa_GIN_e20,42,4,0.6103155763796818,0.5437476612616807,0.4331785435880643
ppb,Multimodal_ChemBERTa_GIN_e20,42,5,0.5147295045999833,0.658042715636236,0.3304505010859875
ppb,Multimodal_ChemBERTa_GIN_e20,42,6,0.42924194047112524,0.7128901186422127,0.4085145965966006
ppb,Multimodal_ChemBERTa_GIN_e20,42,7,0.3607124788801611,0.7491088159054298,0.35231298110109643
ppb,Multimodal_ChemBERTa_GIN_e20,42,8,0.3183436985185117,0.777993411268209,0.4447291610345582
ppb,Multimodal_ChemBERTa_GIN_e20,42,9,0.28234883425412355,0.7844990976088598,0.3819956171224015
ppb,Multimodal_ChemBERTa_GIN_e20,42,10,0.24253056290341013,0.8266886418385734,0.4221679080700148
ppb,Multimodal_ChemBERTa_GIN_e20,42,11,0.22812877402261453,0.8203527898058358,0.39897940161192613
ppb,Multimodal_ChemBERTa_GIN_e20,42,12,0.20926466873950428,0.8363329010962632,0.36553421856208257
ppb,Multimodal_ChemBERTa_GIN_e20,42,13,0.20572830157147515,0.8883659279984243,0.40919628068912406
ppb,Multimodal_ChemBERTa_GIN_e20,42,14,0.18393281999009628,0.8743623219285632,0.4034569082673689
ppb,Multimodal_ChemBERTa_GIN_e20,42,15,0.1834862548168059,0.8524986422205358,0.383725626726786
ppb,Multimodal_ChemBERTa_GIN_e20,42,16,0.16126576790379155,0.8800327440297246,0.4230208164948298
ppb,Multimodal_ChemBERTa_GIN_e20,42,17,0.15485840244793597,0.5193013449455159,0.15027894339822556
ppb,Multimodal_ChemBERTa_GIN_e20,42,18,0.17579888695000132,0.9030254802464988,0.46821135010726844
ppb,Multimodal_ChemBERTa_GIN_e20,42,19,0.14148760897417864,0.9129693029357353,0.45724594802882756
ppb,Multimodal_ChemBERTa_GIN_e20,42,20,0.16130589132691608,0.9103807863876701,0.4720602336725296
ppb,TripleGNN_GCN_GIN_GAT_h128_e100,44,1,0.9354393123476593,0.18286967996306558,0.15638507663986367
ppb,TripleGNN_GCN_GIN_GAT_h128_e100,44,2,0.8357274054009237,0.2735657749356284,0.270256800564886
ppb,TripleGNN_GCN_GIN_GAT_h128_e100,44,3,0.7679388340976503,0.32554315626565633,0.30612493874866775
ppb,TripleGNN_GCN_GIN_GAT_h128_e100,44,4,0.7632256757330012,0.34679781200305626,0.2914958943725321
ppb,TripleGNN_GCN_GIN_GAT_h128_e100,44,5,0.6724106336449399,0.3693265635219358,0.21096745857997645
ppb,TripleGNN_GCN_GIN_GAT_h128_e100,44,6,0.6944916246481884,0.3194361921003135,0.17777479019731868
ppb,TripleGNN_GCN_GIN_GAT_h128_e100,44,7,0.684916799635063,0.3194272267480406,0.13053761059097435
ppb,TripleGNN_GCN_GIN_GAT_h128_e100,44,8,0.6952857293280554,0.3878375336676241,0.2186528409533317
ppb,TripleGNN_GCN_GIN_GAT_h128_e100,44,9,0.6459760719243391,0.43975152629402603,0.32947702302969606
ppb,TripleGNN_GCN_GIN_GAT_h128_e100,44,10,0.6509360374859822,0.4686597364394681,0.3034290306052977
ppb,TripleGNN_GCN_GIN_GAT_h128_e100,44,11,0.6328372511966729,0.4155846035291144,0.3153061330626359
ppb,TripleGNN_GCN_GIN_GAT_h128_e100,44,12,0.637850183027762,0.36690635983748865,0.29268961740888766
ppb,TripleGNN_GCN_GIN_GAT_h128_e100,44,13,0.6328815255820015,0.39815369841466564,0.21708236305931516
ppb,TripleGNN_GCN_GIN_GAT_h128_e100,44,14,0.5404761371053295,-0.015022649411682076,-0.092717577351344
ppb,TripleGNN_GCN_GIN_GAT_h128_e100,44,15,0.599668573818089,0.4906346299443952,0.3507162628293452
ppb,TripleGNN_GCN_GIN_GAT_h128_e100,44,16,0.6032577771463512,0.472240042020842,0.2976184774597632
ppb,TripleGNN_GCN_GIN_GAT_h128_e100,44,17,0.5719529946829066,0.55038541886354,0.3980072862722259
ppb,TripleGNN_GCN_GIN_GAT_h128_e100,44,18,0.5385187457741043,0.5260803487120922,0.2989452939339967
ppb,TripleGNN_GCN_GIN_GAT_h128_e100,44,19,0.5722106525927414,0.4399047940455726,0.22001069673124207
ppb,TripleGNN_GCN_GIN_GAT_h128_e100,44,20,0.5587662459339624,0.5554008370641339,0.3519909675296051
ppb,TripleGNN_GCN_GIN_GAT_h128_e100,44,21,0.5295233929322826,0.5506118217873295,0.30477027071746676
ppb,TripleGNN_GCN_GIN_GAT_h128_e100,44,22,0.5598189891488464,0.5475935029716722,0.2518774684863466
ppb,TripleGNN_GCN_GIN_GAT_h128_e100,44,23,0.5016485885889442,0.48528368909618536,0.20161012114142485
ppb,TripleGNN_GCN_GIN_GAT_h128_e100,44,24,0.5402739623814453,0.4875565220049438,0.30189391723455417
ppb,TripleGNN_GCN_GIN_GAT_h128_e100,44,25,0.5133051053609377,0.44673852695283733,0.13764439248009552
ppb,TripleGNN_GCN_GIN_GAT_h128_e100,44,26,0.5671097337279791,0.5584412028596802,0.34548915703781036
ppb,TripleGNN_GCN_GIN_GAT_h128_e100,44,27,0.5135556036307488,0.6033416912878885,0.3030237634467061
ppb,TripleGNN_GCN_GIN_GAT_h128_e100,44,28,0.48615938185909646,0.5944107872915906,0.3010062632403606
ppb,TripleGNN_GCN_GIN_GAT_h128_e100,44,29,0.516148600405381,0.47504793079238317,0.23183389246179043
ppb,TripleGNN_GCN_GIN_GAT_h128_e100,44,30,0.49747775007545214,0.603257621695837,0.29803693315879676
ppb,TripleGNN_GCN_GIN_GAT_h128_e100,44,31,0.4766141456770308,0.5926282862728072,0.34088759268135216
ppb,TripleGNN_GCN_GIN_GAT_h128_e100,44,32,0.49040007922384476,0.5298937270475045,0.23868127179441068
ppb,TripleGNN_GCN_GIN_GAT_h128_e100,44,33,0.5056329632614865,0.5067963383463623,0.20956409182545388
ppb,TripleGNN_GCN_GIN_GAT_h128_e100,44,34,0.5018951695090459,0.6202588357940323,0.3610525276623382
ppb,TripleGNN_GCN_GIN_GAT_h128_e100,44,35,0.45345629167593554,0.6415704716559798,0.3185437477618279
ppb,TripleGNN_GCN_GIN_GAT_h128_e100,44,36,0.46386541996473146,0.6274262783250589,0.29465340920828276
ppb,TripleGNN_GCN_GIN_GAT_h128_e100,44,37,0.49166015452808803,0.563352214129814,0.31041519112834215
ppb,TripleGNN_GCN_GIN_GAT_h128_e100,44,38,0.4575583016338908,0.5584435908463412,0.23677372566167976
ppb,TripleGNN_GCN_GIN_GAT_h128_e100,44,39,0.4574255408880151,0.5799633555840809,0.2915804592589686
ppb,TripleGNN_GCN_GIN_GAT_h128_e100,44,40,0.44608134610785377,0.6048648946524693,0.23463065763109525
ppb,TripleGNN_GCN_GIN_GAT_h128_e100,44,41,0.45626224880969085,0.621763130647015,0.3513632967011865
ppb,TripleGNN_GCN_GIN_GAT_h128_e100,44,42,0.4788722662646093,0.6320746156871175,0.3053359196097437
ppb,TripleGNN_GCN_GIN_GAT_h128_e100,43,1,0.9175651301572352,0.2211757897081681,0.16652407811801428
ppb,TripleGNN_GCN_GIN_GAT_h128_e100,43,2,0.836236568328775,0.20284595913490788,0.12881028348322343
ppb,TripleGNN_GCN_GIN_GAT_h128_e100,43,3,0.7878159892595844,0.2670379090276864,0.14294725028950384
ppb,TripleGNN_GCN_GIN_GAT_h128_e100,43,4,0.737751794634042,0.26000368255784434,0.1235540932183884
ppb,TripleGNN_GCN_GIN_GAT_h128_e100,43,5,0.7058848971386015,0.4044188601300679,0.2535812009355338
ppb,TripleGNN_GCN_GIN_GAT_h128_e100,43,6,0.6881425562832091,0.44583523019234605,0.15570621410155772
ppb,TripleGNN_GCN_GIN_GAT_h128_e100,43,7,0.6615262449155619,0.39622362599117356,0.21402692568383408
ppb,TripleGNN_GCN_GIN_GAT_h128_e100,43,8,0.6541488136590263,0.4047231359462041,0.2216406747073023
ppb,TripleGNN_GCN_GIN_GAT_h128_e100,43,9,0.6630318895166303,0.3205622208760892,0.1716685867470683
ppb,TripleGNN_GCN_GIN_GAT_h128_e100,43,10,0.6497575022556163,0.3973768486759782,0.18024421401157453
ppb,TripleGNN_GCN_GIN_GAT_h128_e100,43,11,0.5984477155186512,0.47967735313532067,0.23256441726153287
ppb,TripleGNN_GCN_GIN_GAT_h128_e100,43,12,0.5918478152634185,0.35662348413246403,0.23662118285741163
ppb,TripleGNN_GCN_GIN_GAT_h128_e100,43,13,0.5713278325619521,0.42400405480755865,0.27791909180590646
ppb,TripleGNN_GCN_GIN_GAT_h128_e100,43,14,0.5996878872866984,0.5088412751513087,0.24437407575899184
ppb,TripleGNN_GCN_GIN_GAT_h128_e100,43,15,0.5771322378221854,0.4761702061840004,0.24695880192091701
ppb,TripleGNN_GCN_GIN_GAT_h128_e100,43,16,0.5740803412081282,0.37791562236393417,0.2307887808209309
ppb,TripleGNN_GCN_GIN_GAT_h128_e100,43,17,0.5855925333352736,0.5037973406689958,0.27556636357874575
ppb,TripleGNN_GCN_GIN_GAT_h128_e100,43,18,0.5665762022505572,0.5469067412108073,0.36789184343983317
ppb,TripleGNN_GCN_GIN_GAT_h128_e100,43,19,0.5572912253347444,0.4969038908909641,0.21597229924248396
ppb,TripleGNN_GCN_GIN_GAT_h128_e100,43,20,0.5221846997737885,0.5710265837717345,0.27071060400797375
ppb,TripleGNN_GCN_GIN_GAT_h128_e100,43,21,0.5444398232632213,0.5595018698766547,0.3497666380910347
ppb,TripleGNN_GCN_GIN_GAT_h128_e100,43,22,0.5607640569408735,0.5363862030021629,0.3549436072326433
ppb,TripleGNN_GCN_GIN_GAT_h128_e100,43,23,0.5046111837397387,0.566585322814398,0.36792327817208936
ppb,TripleGNN_GCN_GIN_GAT_h128_e100,43,24,0.5207361922035982,0.6022961501681612,0.347925365466368
ppb,TripleGNN_GCN_GIN_GAT_h128_e100,43,25,0.5306862438166583,0.32630822493496825,0.08467739071667568
ppb,TripleGNN_GCN_GIN_GAT_h128_e100,43,26,0.5321620835198296,0.5150502173706483,0.2827343062530411
ppb,TripleGNN_GCN_GIN_GAT_h128_e100,43,27,0.49005059327608275,0.5897481497083652,0.27668028610225537
ppb,TripleGNN_GCN_GIN_GAT_h128_e100,43,28,0.48626573227437925,0.5239880709039013,0.24697766115347897
ppb,TripleGNN_GCN_GIN_GAT_h128_e100,43,29,0.5009248409374261,0.6134364180208349,0.39390456990564904
ppb,TripleGNN_GCN_GIN_GAT_h128_e100,43,30,0.5049599123037891,0.5241605042502296,0.3013946730269339
ppb,TripleGNN_GCN_GIN_GAT_h128_e100,43,31,0.502640968579569,0.595021473200235,0.33946206864906814
ppb,TripleGNN_GCN_GIN_GAT_h128_e100,43,32,0.4658204249025863,0.6324312952219489,0.21060645178512027
ppb,TripleGNN_GCN_GIN_GAT_h128_e100,43,33,0.4876815689566695,0.6190551496431962,0.34487544215354926
ppb,TripleGNN_GCN_GIN_GAT_h128_e100,43,34,0.4759365900615115,0.5098337976089347,0.21959694827112208
ppb,TripleGNN_GCN_GIN_GAT_h128_e100,43,35,0.4997133099830445,0.5792645521005803,0.35178568265916454
ppb,TripleGNN_GCN_GIN_GAT_h128_e100,43,36,0.49006872352810554,0.615063677780626,0.3094814723951592
ppb,TripleGNN_GCN_GIN_GAT_h128_e100,43,37,0.45538679188416326,0.5291576660116508,0.09852981844504816
ppb,TripleGNN_GCN_GIN_GAT_h128_e100,43,38,0.46764767528684054,0.6466010958167132,0.36752716221215376
ppb,TripleGNN_GCN_GIN_GAT_h128_e100,43,39,0.49192341766607617,0.6555542056586524,0.36595932602042525
ppb,TripleGNN_GCN_GIN_GAT_h128_e100,43,40,0.47196035703391204,0.624574049151049,0.20961661841857038
ppb,TripleGNN_GCN_GIN_GAT_h128_e100,43,41,0.4008303369268959,0.5935979407643888,0.3195414024815091
ppb,TripleGNN_GCN_GIN_GAT_h128_e100,43,42,0.4774813116700561,0.6285971530824245,0.33982515095412336
ppb,TripleGNN_GCN_GIN_GAT_h128_e100,43,43,0.41945505307780373,0.6216787801821813,0.3032734215992471
ppb,TripleGNN_GCN_GIN_GAT_h128_e100,43,44,0.42143395239556275,0.6336952973410854,0.24867215499709472
ppb,TripleGNN_GCN_GIN_GAT_h128_e100,43,45,0.4608802019537967,0.6350506161815935,0.3436078338509635
ppb,TripleGNN_GCN_GIN_GAT_h128_e100,43,46,0.4494620633346063,0.576823602772068,0.17842638361017737
ppb,TripleGNN_GCN_GIN_GAT_h128_e100,43,47,0.40630514413854224,0.6275329146556308,0.31920850033352965
ppb,TripleGNN_GCN_GIN_GAT_h128_e100,43,48,0.481114775310328,0.6503825914573105,0.3664996998771076
ppb,TripleGNN_GCN_GIN_GAT_h128_e100,43,49,0.43642852584153047,0.6862300724394139,0.340350273130795
ppb,TripleGNN_GCN_GIN_GAT_h128_e100,43,50,0.4180498062460511,0.6228494733565014,0.2922173382971459
ppb,TripleGNN_GCN_GIN_GAT_h128_e100,43,51,0.457001462670756,0.6765188146718757,0.3435345986738263
ppb,TripleGNN_GCN_GIN_GAT_h128_e100,43,52,0.4189145080285308,0.6755170490326132,0.3128339247603674
ppb,TripleGNN_GCN_GIN_GAT_h128_e100,43,53,0.41893800761964584,0.5689582746697068,0.23241833700447934
ppb,TripleGNN_GCN_GIN_GAT_h128_e100,43,54,0.447580075374356,0.6644438395317606,0.31981072414135936
ppb,TripleGNN_GCN_GIN_GAT_h128_e100,42,1,0.9397077690120097,0.1228192886793339,0.11276786621621993
ppb,TripleGNN_GCN_GIN_GAT_h128_e100,42,2,0.8435379292493985,0.20351280541355976,0.17594027027696768
ppb,TripleGNN_GCN_GIN_GAT_h128_e100,42,3,0.7557610445368437,0.2840626011280344,0.19508513087431778
ppb,TripleGNN_GCN_GIN_GAT_h128_e100,42,4,0.7143218454755382,0.2662195668595504,0.18353835505683858
ppb,TripleGNN_GCN_GIN_GAT_h128_e100,42,5,0.6980055216469883,0.38416602885950635,0.26054834619755574
ppb,TripleGNN_GCN_GIN_GAT_h128_e100,42,6,0.6675449144325138,0.3771570346689139,0.28926209064297104
ppb,TripleGNN_GCN_GIN_GAT_h128_e100,42,7,0.6566972962500136,0.42889596041139766,0.3463980617500281
ppb,TripleGNN_GCN_GIN_GAT_h128_e100,42,8,0.6702809832346293,0.4755731402822778,0.2959388038604156
ppb,TripleGNN_GCN_GIN_GAT_h128_e100,42,9,0.6251479687146199,0.45050022236270215,0.3047170419987112
ppb,TripleGNN_GCN_GIN_GAT_h128_e100,42,10,0.632972319001033,0.3406673031314278,0.23996033184382792
ppb,TripleGNN_GCN_GIN_GAT_h128_e100,42,11,0.590724253176171,0.49561628327913165,0.36052951609331507
ppb,TripleGNN_GCN_GIN_GAT_h128_e100,42,12,0.5826362564607903,0.5230490740431524,0.3715530399357364
ppb,TripleGNN_GCN_GIN_GAT_h128_e100,42,13,0.5781080124002916,0.40512814280105525,0.28353337244975596
ppb,TripleGNN_GCN_GIN_GAT_h128_e100,42,14,0.5901902969236728,0.48097010678814855,0.3545131540143761
ppb,TripleGNN_GCN_GIN_GAT_h128_e100,42,15,0.5436589994732245,0.4528110255086307,0.30925681620797985
ppb,TripleGNN_GCN_GIN_GAT_h128_e100,42,16,0.546616624350901,0.49803655458804263,0.34239081990393705
ppb,TripleGNN_GCN_GIN_GAT_h128_e100,42,17,0.5506769897025309,0.3993967592513301,0.21478002047625122
ppb,TripleGNN_GCN_GIN_GAT_h128_e100,42,18,0.5469966517922319,0.4629283966223694,0.3128276135147934
ppb,TripleGNN_GCN_GIN_GAT_h128_e100,42,19,0.5267903896761529,0.4652125958258506,0.2880607510478246
ppb,TripleGNN_GCN_GIN_GAT_h128_e100,42,20,0.523825464701211,0.558481117013309,0.26775472251914745
ppb,TripleGNN_GCN_GIN_GAT_h128_e100,42,21,0.5626173919917624,0.4950064820100687,0.28480667698813344
ppb,TripleGNN_GCN_GIN_GAT_h128_e100,42,22,0.5513911622541922,0.5744357023029272,0.33858746904122405
ppb,TripleGNN_GCN_GIN_GAT_h128_e100,42,23,0.5351491549316748,0.4213405555014966,0.21022491091802564
ppb,TripleGNN_GCN_GIN_GAT_h128_e100,42,24,0.49452249705791473,0.5796156876234969,0.22934643046888858
ppb,TripleGNN_GCN_GIN_GAT_h128_e100,42,25,0.52029074397352,0.5442924657447985,0.29304954907773373
ppb,TripleGNN_GCN_GIN_GAT_h128_e100,42,26,0.4695015333500909,0.5968645442577774,0.31757107166289156
ppb,TripleGNN_GCN_GIN_GAT_h128_e100,42,27,0.5145434888056767,0.6009806957951844,0.2541929993875115
ppb,TripleGNN_GCN_GIN_GAT_h128_e100,42,28,0.5076525756790314,0.5788572312005449,0.306422450119494
ppb,TripleGNN_GCN_GIN_GAT_h128_e100,42,29,0.48663723284815563,0.5629193244871746,0.321727941880822
ppb,TripleGNN_GCN_GIN_GAT_h128_e100,42,30,0.503435369167063,0.5044409367249744,0.2730238784346455
ppb,TripleGNN_GCN_GIN_GAT_h128_e100,42,31,0.4964423360372031,0.6014722403821364,0.36251919658475795
ppb,TripleGNN_GCN_GIN_GAT_h128_e100,42,32,0.49417374108308626,0.5429764914066577,0.15268468454326778
ppb,TripleGNN_GCN_GIN_GAT_h128_e100,42,33,0.48808434752770413,0.5332322345458593,0.3087987128381864
ppb,TripleGNN_GCN_GIN_GAT_h128_e100,42,34,0.48442860715735103,0.5753695231425117,0.31081382722968687
ppb,TripleGNN_GCN_GIN_GAT_h128_e100,42,35,0.5003865224159794,0.6382013574171315,0.3477919966024161
ppb,TripleGNN_GCN_GIN_GAT_h128_e100,42,36,0.4892997999250153,0.5837994179453572,0.33810988528432095
ppb,TripleGNN_GCN_GIN_GAT_h128_e100,42,37,0.5022242544793788,0.5977666861905936,0.3238037565934254
ppb,Multimodal_ChemBERTa_GAT_e20,44,1,0.9139325648178289,0.15706787206506523,0.11942113871034465
ppb,Multimodal_ChemBERTa_GAT_e20,44,2,0.7889277546862026,0.35692185047090785,0.25586106322197455
ppb,Multimodal_ChemBERTa_GAT_e20,44,3,0.754960823206254,0.44255800983694105,0.32579612440342
ppb,Multimodal_ChemBERTa_GAT_e20,44,4,0.6199252809639331,0.39576329994216786,0.22346936714347498
ppb,Multimodal_ChemBERTa_GAT_e20,44,5,0.5585479627788803,0.6162399482344558,0.43190093751457326
ppb,Multimodal_ChemBERTa_GAT_e20,44,6,0.45929506338304943,0.7192109732082403,0.4016571516726627
ppb,Multimodal_ChemBERTa_GAT_e20,44,7,0.4153785730401675,0.6944018148212246,0.314930598537544
ppb,Multimodal_ChemBERTa_GAT_e20,44,8,0.35331175071589743,0.7978709721620398,0.3596907933059187
ppb,Multimodal_ChemBERTa_GAT_e20,44,9,0.2775224345149817,0.7996899988140681,0.34360194137365496
ppb,Multimodal_ChemBERTa_GAT_e20,44,10,0.24613756737039413,0.8380732617855985,0.3401786075882566
ppb,Multimodal_ChemBERTa_GAT_e20,44,11,0.24926791698844344,0.8326051269792152,0.3634778796307079
ppb,Multimodal_ChemBERTa_GAT_e20,44,12,0.22470157616484313,0.868855264658772,0.39255205434000295
ppb,Multimodal_ChemBERTa_GAT_e20,44,13,0.20380994838512975,0.8707856781074884,0.32633192723700777
ppb,Multimodal_ChemBERTa_GAT_e20,44,14,0.19070257021137227,0.8987073536045673,0.3553986212045148
ppb,Multimodal_ChemBERTa_GAT_e20,44,15,0.20765546870268423,0.860767368131695,0.35637210037833744
ppb,Multimodal_ChemBERTa_GAT_e20,44,16,0.16688087302041643,0.8515865620629246,0.2562877463294666
ppb,Multimodal_ChemBERTa_GAT_e20,44,17,0.15786487719526998,0.9130761607070501,0.36575790971557465
ppb,Multimodal_ChemBERTa_GAT_e20,44,18,0.16427487284404996,0.8978809461088858,0.4043171595353282
ppb,Multimodal_ChemBERTa_GAT_e20,44,19,0.15135605451593429,0.8757249035468248,0.27138343930931874
ppb,Multimodal_ChemBERTa_GAT_e20,44,20,0.13664602476781534,0.8234797268216494,0.2990227190316693
ppb,Multimodal_ChemBERTa_GAT_e20,43,1,0.9044443219900131,0.1780392625527526,0.11705498031874983
ppb,Multimodal_ChemBERTa_GAT_e20,43,2,0.8027613769158904,0.3040857528103239,0.21835254062728382
ppb,Multimodal_ChemBERTa_GAT_e20,43,3,0.7624235614950274,0.35267565332318174,0.22294636916006805
ppb,Multimodal_ChemBERTa_GAT_e20,43,4,0.6079616496960322,0.5569260416878672,0.36810472502884084
ppb,Multimodal_ChemBERTa_GAT_e20,43,5,0.5285028807910872,0.6691586960065763,0.34650183228916587
ppb,Multimodal_ChemBERTa_GAT_e20,43,6,0.45407328883438935,0.7452528684978726,0.40019285696577167
ppb,Multimodal_ChemBERTa_GAT_e20,43,7,0.3690965442377844,0.7630064440509231,0.36842754729393623
ppb,Multimodal_ChemBERTa_GAT_e20,43,8,0.3195994261330293,0.6865464760275093,0.30468090451179664
ppb,Multimodal_ChemBERTa_GAT_e20,43,9,0.2920950197695214,0.8188539488788874,0.4260176295992104
ppb,Multimodal_ChemBERTa_GAT_e20,43,10,0.28800932345566926,0.8393355305623886,0.44578503647407286
ppb,Multimodal_ChemBERTa_GAT_e20,43,11,0.22623293474316597,0.8412159706227089,0.3233436664438476
ppb,Multimodal_ChemBERTa_GAT_e20,43,12,0.22742058125175077,0.8439347694915766,0.41463160264587795
ppb,Multimodal_ChemBERTa_GAT_e20,43,13,0.19355904908827792,0.7897820131315876,0.27823056728491624
ppb,Multimodal_ChemBERTa_GAT_e20,43,14,0.19747499542103875,0.8780026579602518,0.2643303113873412
ppb,Multimodal_ChemBERTa_GAT_e20,43,15,0.1710344552533862,0.8914460104945126,0.3649913114970098
ppb,Multimodal_ChemBERTa_GAT_e20,43,16,0.1820379930237929,0.90543401784889,0.3449946862821598
ppb,Multimodal_ChemBERTa_GAT_e20,43,17,0.16008185963203878,0.9134245436207575,0.34177129069701906
ppb,Multimodal_ChemBERTa_GAT_e20,43,18,0.13909972026760195,0.7804478790855989,0.316508522980401
ppb,Multimodal_ChemBERTa_GAT_e20,43,19,0.17090950464760815,0.8952388816662726,0.3295760578161464
ppb,Multimodal_ChemBERTa_GAT_e20,43,20,0.16524275856805437,0.8898839154947701,0.2507066937687361
ppb,Multimodal_ChemBERTa_GAT_e20,42,1,0.9014049393159372,0.1779630139919176,0.22941502125983593
ppb,Multimodal_ChemBERTa_GAT_e20,42,2,0.8101594617337357,0.3581643889629521,0.34423922943954854
ppb,Multimodal_ChemBERTa_GAT_e20,42,3,0.70949564717802,0.4174866498696952,0.2799271492966634
ppb,Multimodal_ChemBERTa_GAT_e20,42,4,0.6414299499657419,0.5042107017698761,0.35744932817019415
ppb,Multimodal_ChemBERTa_GAT_e20,42,5,0.5180187489331505,0.605082244798129,0.35061245484862724
ppb,Multimodal_ChemBERTa_GAT_e20,42,6,0.44312366153355,0.687288565649423,0.4048205707202833
ppb,Multimodal_ChemBERTa_GAT_e20,42,7,0.39245486443425404,0.7591404380299354,0.4409546701167534
ppb,Multimodal_ChemBERTa_GAT_e20,42,8,0.3308992423577073,0.7686933219405772,0.4090465596455001
ppb,Multimodal_ChemBERTa_GAT_e20,42,9,0.27601265350793613,0.6796072449044581,0.32960127720737864
ppb,Multimodal_ChemBERTa_GAT_e20,42,10,0.2806149241916927,0.8288477801764482,0.36743122188197885
ppb,Multimodal_ChemBERTa_GAT_e20,42,11,0.22902484679663623,0.7957570704085278,0.36752492497906086
ppb,Multimodal_ChemBERTa_GAT_e20,42,12,0.22017044178497644,0.870929684587598,0.41594997673090195
ppb,Multimodal_ChemBERTa_GAT_e20,42,13,0.19840621922947008,0.8502966480639939,0.4291834562936453
ppb,Multimodal_ChemBERTa_GAT_e20,42,14,0.18848167152868378,0.8418322002125253,0.34612248542216006
ppb,Multimodal_ChemBERTa_GAT_e20,42,15,0.22548360271770276,0.7885763857652454,0.3610256916927591
ppb,Multimodal_ChemBERTa_GAT_e20,42,16,0.1644025176855517,0.8919839593008163,0.4055985083061344
ppb,Multimodal_ChemBERTa_GAT_e20,42,17,0.17157652070400892,0.9023381942160736,0.37620535032637437
ppb,Multimodal_ChemBERTa_GAT_e20,42,18,0.1468206821354451,0.8918606937542277,0.40999096355779996
ppb,Multimodal_ChemBERTa_GAT_e20,42,19,0.14855887398215722,0.8989593480535407,0.36302813981658166
ppb,Multimodal_ChemBERTa_GAT_e20,42,20,0.13328635642006073,0.8945080277069495,0.39602149489429717
ppb,ChemBERTa_zinc_base_v1,42,1,0.9438485935514356,0.27177648533658394,0.12884423089776964
ppb,ChemBERTa_zinc_base_v1,42,2,0.7121118594098974,0.506704701669692,0.27608357798326133
ppb,ChemBERTa_zinc_base_v1,42,3,0.5578749573525087,0.6640420854982475,0.22545374102623195
ppb,ChemBERTa_zinc_base_v1,42,4,0.393913408856333,0.788160169928811,0.2825025050468848
ppb,ChemBERTa_zinc_base_v1,42,5,0.3009692554672559,0.7718457554480589,0.22570998259585995
ppb,ChemBERTa_zinc_base_v1,42,6,0.2526586869800532,0.8580373088232952,0.31216298044180546
ppb,ChemBERTa_zinc_base_v1,42,7,0.207718537637481,0.8222225974903195,0.27192824666173665
ppb,ChemBERTa_zinc_base_v1,42,8,0.1970683630141947,0.8593002682797739,0.22590043536929183
ppb,ChemBERTa_zinc_base_v1,42,9,0.18369674029541605,0.8852831827922236,0.2866820265605211
ppb,ChemBERTa_zinc_base_v1,42,10,0.16071475499574048,0.9067884355992044,0.30870492049931597
ppb,Multimodal_ChemBERTa_GCN_e20,44,1,0.9057005197729593,0.2924291676416231,0.2705925134940248
ppb,Multimodal_ChemBERTa_GCN_e20,44,2,0.7706435045894281,0.3046679971823768,0.3091745394621285
ppb,Multimodal_ChemBERTa_GCN_e20,44,3,0.7050311304168937,0.5074792447520514,0.3656032665644684
ppb,Multimodal_ChemBERTa_GCN_e20,44,4,0.5976900063731052,0.5218978847986311,0.3989902342880053
ppb,Multimodal_ChemBERTa_GCN_e20,44,5,0.5481600433036133,0.6007688059106653,0.3671113950655497
ppb,Multimodal_ChemBERTa_GCN_e20,44,6,0.4385910467417152,0.7125414224150091,0.4379474800163897
ppb,Multimodal_ChemBERTa_GCN_e20,44,7,0.39130134144682943,0.7457287389680713,0.38638319875040716
ppb,Multimodal_ChemBERTa_GCN_e20,44,8,0.3205233759442229,0.7804346519211398,0.37060755448663896
ppb,Multimodal_ChemBERTa_GCN_e20,44,9,0.27867711344618856,0.8084914665609535,0.41535145082757485
ppb,Multimodal_ChemBERTa_GCN_e20,44,10,0.24913008524863808,0.8310295024817481,0.3869532850714804
ppb,Multimodal_ChemBERTa_GCN_e20,44,11,0.2495859228534463,0.8663797478107373,0.4116116398867391
ppb,Multimodal_ChemBERTa_GCN_e20,44,12,0.2300033251076569,0.8726682914464348,0.4217947023649239
ppb,Multimodal_ChemBERTa_GCN_e20,44,13,0.20764833550762246,0.8843655552344624,0.4213865509985326
ppb,Multimodal_ChemBERTa_GCN_e20,44,14,0.20663683093440385,0.8071899629898167,0.2990035225528199
ppb,Multimodal_ChemBERTa_GCN_e20,44,15,0.19677043931535732,0.8655582884869912,0.4525893277302937
ppb,Multimodal_ChemBERTa_GCN_e20,44,16,0.18284151275400762,0.877385072059418,0.42364176114504615
ppb,Multimodal_ChemBERTa_GCN_e20,44,17,0.15390843079413896,0.8923792666019064,0.41106506886867333
ppb,Multimodal_ChemBERTa_GCN_e20,44,18,0.14940247077632834,0.8579405006206834,0.3420167565035347
ppb,Multimodal_ChemBERTa_GCN_e20,44,19,0.14687392952633493,0.9124603414341952,0.4017747969853953
ppb,Multimodal_ChemBERTa_GCN_e20,44,20,0.1481761023586179,0.8773614634418688,0.34138371731871153
ppb,Multimodal_ChemBERTa_GCN_e20,43,1,0.8864784738347854,0.18611438727604068,0.08727412045812877
ppb,Multimodal_ChemBERTa_GCN_e20,43,2,0.7402887322284557,0.24682508374223633,0.18485854963579273
ppb,Multimodal_ChemBERTa_GCN_e20,43,3,0.7310686067298606,0.45705547949130754,0.30209374309666537
ppb,Multimodal_ChemBERTa_GCN_e20,43,4,0.5929352705493386,0.524313662642776,0.36318475411374507
ppb,Multimodal_ChemBERTa_GCN_e20,43,5,0.5261732224421001,0.6653412980640838,0.44148743109728805
ppb,Multimodal_ChemBERTa_GCN_e20,43,6,0.4498111677390558,0.6988540266706784,0.41402474468468475
ppb,Multimodal_ChemBERTa_GCN_e20,43,7,0.4035943095790751,0.7106283558914344,0.3529097307976724
ppb,Multimodal_ChemBERTa_GCN_e20,43,8,0.33451767458959863,0.7791423824516501,0.37522461767322635
ppb,Multimodal_ChemBERTa_GCN_e20,43,9,0.29553761627571085,0.8302006798723949,0.43293445764270544
ppb,Multimodal_ChemBERTa_GCN_e20,43,10,0.2683255560236213,0.8495828355378989,0.369144879428536
ppb,Multimodal_ChemBERTa_GCN_e20,43,11,0.2431640474608651,0.7148927759691608,0.37985484851940543
ppb,Multimodal_ChemBERTa_GCN_e20,43,12,0.20802770090507872,0.8653904817115146,0.4146325075890138
ppb,Multimodal_ChemBERTa_GCN_e20,43,13,0.21775773728703274,0.8797541744021884,0.4150888938244591
ppb,Multimodal_ChemBERTa_GCN_e20,43,14,0.1896138363690288,0.8439990791769746,0.392919098365471
ppb,Multimodal_ChemBERTa_GCN_e20,43,15,0.1843947828689843,0.8659855542233978,0.41333440976304403
ppb,Multimodal_ChemBERTa_GCN_e20,43,16,0.16370337019548004,0.8380550725576025,0.3616994133477206
ppb,Multimodal_ChemBERTa_GCN_e20,43,17,0.1611088005664908,0.8936421229348905,0.3741921582996447
ppb,Multimodal_ChemBERTa_GCN_e20,43,18,0.16256166297804425,0.9122119453599461,0.38330182155932213
ppb,Multimodal_ChemBERTa_GCN_e20,43,19,0.1563335873738483,0.9127151465615823,0.39888855619239194
ppb,Multimodal_ChemBERTa_GCN_e20,43,20,0.14835212368196177,0.8918098991542346,0.40745716194385906
ppb,Multimodal_ChemBERTa_GCN_e20,42,1,0.9257127025429114,0.18466329008242133,0.11067224147572763
ppb,Multimodal_ChemBERTa_GCN_e20,42,2,0.7977786871754093,0.3755267108497362,0.3095852483479049
ppb,Multimodal_ChemBERTa_GCN_e20,42,3,0.7253056584317007,0.4590333491975951,0.3589904582725437
ppb,Multimodal_ChemBERTa_GCN_e20,42,4,0.6017002077014358,0.5962699796821034,0.37463813895006803
ppb,Multimodal_ChemBERTa_GCN_e20,42,5,0.4912442599917636,0.6193413502873693,0.33720921914724666
ppb,Multimodal_ChemBERTa_GCN_e20,42,6,0.4514810919393728,0.6192806175768375,0.21830622376195896
ppb,Multimodal_ChemBERTa_GCN_e20,42,7,0.37072110755576027,0.7669843366155036,0.3439512263903798
ppb,Multimodal_ChemBERTa_GCN_e20,42,8,0.33258016453481015,0.8013470744197579,0.3671813229879137
ppb,Multimodal_ChemBERTa_GCN_e20,42,9,0.2897420059659599,0.7713876956359731,0.2843510604566142
ppb,Multimodal_ChemBERTa_GCN_e20,42,10,0.2667693121381748,0.7910485381610013,0.34409890945447286
ppb,Multimodal_ChemBERTa_GCN_e20,42,11,0.23870195503588076,0.7657428498560304,0.40040028322339605
ppb,Multimodal_ChemBERTa_GCN_e20,42,12,0.2253201518345762,0.8632825789496449,0.42205671255455
ppb,Multimodal_ChemBERTa_GCN_e20,42,13,0.1947290261540516,0.8657022777060199,0.45050578073071224
ppb,Multimodal_ChemBERTa_GCN_e20,42,14,0.17656606490965243,0.8383663366369446,0.2962843732085607
ppb,Multimodal_ChemBERTa_GCN_e20,42,15,0.17710344424402272,0.9065277691934358,0.3988567851833329
ppb,Multimodal_ChemBERTa_GCN_e20,42,16,0.17505706993885983,0.7232188165028283,0.2714139132298855
ppb,Multimodal_ChemBERTa_GCN_e20,42,17,0.15863755336146296,0.8945397342897448,0.39182882862898283
ppb,Multimodal_ChemBERTa_GCN_e20,42,18,0.1532708933967867,0.8927325401432404,0.38897776415368046
ppb,Multimodal_ChemBERTa_GCN_e20,42,19,0.14689718506494423,0.9127375528499878,0.4120549787426978
ppb,Multimodal_ChemBERTa_GCN_e20,42,20,0.1521199653270068,0.9130286942135242,0.37483561809214594
ppb,PyG_GIN_h128_e100,44,1,0.9176476307031585,0.02968697114897778,-0.0315131323011586
ppb,PyG_GIN_h128_e100,44,2,0.8135791733497526,0.1074554543594034,-0.03922438478549939
ppb,PyG_GIN_h128_e100,44,3,0.753589482932556,0.33648357542376217,0.2674738790260901
ppb,PyG_GIN_h128_e100,44,4,0.6953558154949327,0.06819736285175892,-0.16684285976222402
ppb,PyG_GIN_h128_e100,44,5,0.7282926185828883,0.34525457734878673,0.24080797037479562
ppb,PyG_GIN_h128_e100,44,6,0.6533256369393047,0.40321521211203293,0.25311426739023024
ppb,PyG_GIN_h128_e100,44,7,0.6494792336370887,0.41636485448848926,0.17745289324383107
ppb,PyG_GIN_h128_e100,44,8,0.610641590342289,0.44611801800414796,0.25497724793135046
ppb,PyG_GIN_h128_e100,44,9,0.6375538248841356,0.21012238706660735,0.06303762962479809
ppb,PyG_GIN_h128_e100,44,10,0.593195213050377,0.35988503720114884,0.17006126066183014
ppb,PyG_GIN_h128_e100,44,11,0.6026456483253618,0.4701988728437354,0.28721188561590283
ppb,PyG_GIN_h128_e100,44,12,0.601384947212731,0.5061582461686814,0.28732610447145956
ppb,PyG_GIN_h128_e100,44,13,0.5776790576737102,0.4490878790857853,0.1637924393700202
ppb,PyG_GIN_h128_e100,44,14,0.5751503785935844,0.3967233525978612,0.22296946112724292
ppb,PyG_GIN_h128_e100,44,15,0.5793643644670161,0.46832042803807394,0.2279537394003175
ppb,PyG_GIN_h128_e100,44,16,0.5625179217356008,0.44731264917511737,0.29001038148122416
ppb,PyG_GIN_h128_e100,44,17,0.5442099051504601,0.4370683318183354,0.22900721484873188
ppb,PyG_GIN_h128_e100,44,18,0.5721213839403013,0.4341363608292542,0.15138410542961422
ppb,PyG_GIN_h128_e100,44,19,0.5411232586314039,0.3573710803578194,0.1128256443974639
ppb,PyG_GIN_h128_e100,44,20,0.5373753196582561,0.48948180613677295,0.22702383898370748
ppb,PyG_GIN_h128_e100,44,21,0.5386197054531516,0.47702732067884934,0.20139028228890388
ppb,PyG_GIN_h128_e100,44,22,0.5155430479747493,0.5492854885563496,0.2722861947937717
ppb,PyG_GIN_h128_e100,44,23,0.5311169958696133,0.517425467790976,0.27868317131724396
ppb,PyG_GIN_h128_e100,44,24,0.5156024698077178,0.5534916667960119,0.20698559614362277
ppb,PyG_GIN_h128_e100,44,25,0.5155102781406263,0.5622931960745042,0.24237695831091866
ppb,PyG_GIN_h128_e100,44,26,0.5247499426690544,0.5533080237855712,0.21336415051313706
ppb,PyG_GIN_h128_e100,44,27,0.5373402234257721,0.5067156027606732,0.20463237013385638
ppb,PyG_GIN_h128_e100,44,28,0.5071411394491429,0.5446907855347689,0.29748525430953077
ppb,PyG_GIN_h128_e100,44,29,0.5399847277780858,0.4968642308925487,0.25478740069154604
ppb,PyG_GIN_h128_e100,44,30,0.5088547493626432,0.5373201696127305,0.14864197961044756
ppb,PyG_GIN_h128_e100,44,31,0.48287711237988823,0.5531797174118334,0.13972925602884023
ppb,PyG_GIN_h128_e100,44,32,0.4811507888683459,0.572750910614463,0.23797392355251668
ppb,PyG_GIN_h128_e100,44,33,0.480188423903977,0.5924498835118135,0.21547431872617706
ppb,PyG_GIN_h128_e100,44,34,0.48605499180351813,0.2689800890698314,-0.0652344366732196
ppb,PyG_GIN_h128_e100,44,35,0.48654622421032045,0.5451716316585145,0.18907261424497535
ppb,PyG_GIN_h128_e100,44,36,0.4683277981310356,0.5963472241402984,0.18382360953486976
ppb,PyG_GIN_h128_e100,44,37,0.4682167277830403,0.48783691773731686,0.20485699351128428
ppb,PyG_GIN_h128_e100,44,38,0.4822873832975946,0.4489227062021197,0.07665069251447265
ppb,PyG_GIN_h128_e100,44,39,0.4496977216586834,0.608828065064414,0.2390357900750414
ppb,PyG_GIN_h128_e100,44,40,0.4619768309157069,0.5997223465618684,0.23277657371378602
ppb,PyG_GIN_h128_e100,44,41,0.4878325684041512,0.5714453072682621,0.1737020364778079
ppb,PyG_GIN_h128_e100,44,42,0.43054493898298685,0.5903251315140895,0.2274405441151809
ppb,PyG_GIN_h128_e100,44,43,0.4163237192281863,0.596586816339344,0.26321340862331866
ppb,PyG_GIN_h128_e100,44,44,0.42517458084152965,0.619333381453139,0.17246049857937917
ppb,PyG_GIN_h128_e100,44,45,0.42593314516835096,0.6106233860661405,0.20060701805423853
ppb,PyG_GIN_h128_e100,44,46,0.43016270348211616,0.5757187600146613,0.16990956043909333
ppb,PyG_GIN_h128_e100,44,47,0.43981442073496374,0.5647781106998688,0.10874266880332784
ppb,PyG_GIN_h128_e100,44,48,0.4370131939649582,0.6241521793442544,0.2176328215689114
ppb,PyG_GIN_h128_e100,44,49,0.44445335356200616,0.6349391216551353,0.2879007220812768
ppb,PyG_GIN_h128_e100,44,50,0.4263472375346393,0.6102982079877396,0.17020109983292797
ppb,PyG_GIN_h128_e100,44,51,0.44969730442616995,0.6416253970659559,0.15138340356910884
ppb,PyG_GIN_h128_e100,44,52,0.4145201077548469,0.6506820851740056,0.2778410899348802
ppb,PyG_GIN_h128_e100,44,53,0.4325778298988575,0.6155970063993652,0.25358579522277214
ppb,PyG_GIN_h128_e100,43,1,0.9195318818092346,-0.0373878686311524,-0.11166318711757528
ppb,PyG_GIN_h128_e100,43,2,0.8481442906507631,0.16571349859150597,0.020941129313243767
ppb,PyG_GIN_h128_e100,43,3,0.7859860887614692,0.30620638457464133,0.10722143750900248
ppb,PyG_GIN_h128_e100,43,4,0.7267640047683949,0.255271965152553,0.12309724462392335
ppb,PyG_GIN_h128_e100,43,5,0.7207421275173745,0.28284734790166965,0.1418443648414256
ppb,PyG_GIN_h128_e100,43,6,0.6782763524026405,0.2546448925881074,0.17919183727996413
ppb,PyG_GIN_h128_e100,43,7,0.6742992800910298,0.2866812987749232,0.20553590919495013
ppb,PyG_GIN_h128_e100,43,8,0.6368442374031719,0.4320219038253058,0.22102585997920776
ppb,PyG_GIN_h128_e100,43,9,0.6549044040645041,0.377664733601371,0.22898907261527268
ppb,PyG_GIN_h128_e100,43,10,0.6477958458225902,0.342653729703813,0.26712081773436247
ppb,PyG_GIN_h128_e100,43,11,0.6125817004500366,0.40174871300064763,0.21708991719672477
ppb,PyG_GIN_h128_e100,43,12,0.5914148219474932,0.435797472691162,0.19552338087067744
ppb,PyG_GIN_h128_e100,43,13,0.5794112973096894,0.4322506177388793,0.17224759346860374
ppb,PyG_GIN_h128_e100,43,14,0.5850404413734994,0.4819521493235511,0.20649470077507748
ppb,PyG_GIN_h128_e100,43,15,0.543684200906172,0.40745312406121303,0.20412166672199572
ppb,PyG_GIN_h128_e100,43,16,0.572094433554789,0.45264029656192595,0.1772712762455535
ppb,PyG_GIN_h128_e100,43,17,0.5653996605698656,0.470283072326361,0.18752417446166603
ppb,PyG_GIN_h128_e100,43,18,0.5685463845729828,0.5055989816176651,0.19440170278857982
ppb,PyG_GIN_h128_e100,43,19,0.5611692085498716,0.5116140588513719,0.28007640255299393
ppb,PyG_GIN_h128_e100,43,20,0.5508072910512366,0.4839874322545151,0.28147815256113917
ppb,PyG_GIN_h128_e100,43,21,0.5455894931787397,0.5203330509691861,0.2565666253118012
ppb,PyG_GIN_h128_e100,43,22,0.5454377074067186,0.5244165734116406,0.27865662037259953
ppb,PyG_GIN_h128_e100,43,23,0.5471294932976002,0.4467667658091765,0.1818928748697355
ppb,PyG_GIN_h128_e100,43,24,0.5476344373168015,0.5142388588907949,0.29250149845831597
ppb,PyG_GIN_h128_e100,43,25,0.5140269373248263,0.537161911687914,0.24278896156090302
ppb,PyG_GIN_h128_e100,43,26,0.5317362139864665,0.46191308497141537,0.15579478870905217
ppb,PyG_GIN_h128_e100,43,27,0.540926324521623,0.5328499581112833,0.19729978294221318
ppb,PyG_GIN_h128_e100,43,28,0.5034930335312355,0.49953731649963995,0.1019104941164174
ppb,PyG_GIN_h128_e100,43,29,0.5139562872851767,0.49725874786592894,0.13012958089864035
ppb,PyG_GIN_h128_e100,43,30,0.4900023617395541,0.42212222711472513,0.15418594214125592
ppb,PyG_GIN_h128_e100,43,31,0.4807887895078194,0.4521903597037005,0.11107289689277311
ppb,PyG_GIN_h128_e100,43,32,0.5041565106409353,0.5227379159985218,0.18329936515205592
ppb,PyG_GIN_h128_e100,43,33,0.49141568599677665,0.562054306767888,0.2883807624963294
ppb,PyG_GIN_h128_e100,43,34,0.49081645978660116,0.4734913119635842,0.19829090098234048
ppb,PyG_GIN_h128_e100,43,35,0.4822720234713903,0.5105489954983522,0.2405020539221091
ppb,PyG_GIN_h128_e100,43,36,0.4816406605447211,0.5843070561045723,0.2706971050964956
ppb,PyG_GIN_h128_e100,43,37,0.47470997455643443,0.5813438853591258,0.20227355219398413
ppb,PyG_GIN_h128_e100,43,38,0.44692200022499734,0.49192647920394006,0.17297703976662027
ppb,PyG_GIN_h128_e100,43,39,0.5094911205332454,0.6026534586222081,0.2711353423270336
ppb,PyG_GIN_h128_e100,43,40,0.4427170021141448,0.6007737057679642,0.24454870019626107
ppb,PyG_GIN_h128_e100,43,41,0.46056090258970495,0.5642632840892172,0.21494668212017465
ppb,PyG_GIN_h128_e100,43,42,0.49167574978456263,0.5063513871868563,0.1702250643007942
ppb,PyG_GIN_h128_e100,43,43,0.460927979248326,0.5751446758899637,0.23021650860763765
ppb,PyG_GIN_h128_e100,43,44,0.45517038099649476,0.5760054061235189,0.2192566906443033
ppb,PyG_GIN_h128_e100,43,45,0.4794381417152358,0.5682468570866417,0.15590671628680997
ppb,PyG_GIN_h128_e100,43,46,0.46409964488773814,0.6249844849926065,0.20300018979861745
ppb,PyG_GIN_h128_e100,43,47,0.4303635860361704,0.5458082660077052,0.1636697756294373
ppb,PyG_GIN_h128_e100,43,48,0.4369794184841761,0.6155979606364008,0.24013756499296035
ppb,PyG_GIN_h128_e100,43,49,0.4449861547568949,0.5789680884613544,0.22926038514599634
ppb,PyG_GIN_h128_e100,42,1,0.9313718087789489,0.1630937253886663,0.12210265457378844
ppb,PyG_GIN_h128_e100,42,2,0.8288439090658979,0.27244900403235217,0.15979412607823562
ppb,PyG_GIN_h128_e100,42,3,0.7901335663911773,0.26435639969943026,0.0805875832374231
ppb,PyG_GIN_h128_e100,42,4,0.7411474251165623,0.3125987529531935,0.23503088207808176
ppb,PyG_GIN_h128_e100,42,5,0.7039256837309861,0.355593430881625,0.258228941175514
ppb,PyG_GIN_h128_e100,42,6,0.6911593682882262,0.3809067364268429,0.24451814054443732
ppb,PyG_GIN_h128_e100,42,7,0.6444737253392615,0.36838853229368684,0.21876757143281433
ppb,PyG_GIN_h128_e100,42,8,0.6094414213808571,0.44143443293378193,0.22063210403521094
ppb,PyG_GIN_h128_e100,42,9,0.6121829791766841,0.43679784758237306,0.2165969607549253
ppb,PyG_GIN_h128_e100,42,10,0.6244805288024065,0.46188412957931824,0.26137740871799386
ppb,PyG_GIN_h128_e100,42,11,0.5859758097951006,0.4824251911932478,0.24094076515650997
ppb,PyG_GIN_h128_e100,42,12,0.593837485444255,0.20409754183486462,0.16975518883369456
ppb,PyG_GIN_h128_e100,42,13,0.5852702579847197,0.4739742962409824,0.23159272946958243
ppb,PyG_GIN_h128_e100,42,14,0.5934610232347395,0.2821235267119854,0.12909511265243578
ppb,PyG_GIN_h128_e100,42,15,0.5621933846212015,0.5005143976951297,0.24465454123079355
ppb,PyG_GIN_h128_e100,42,16,0.5542971179252718,0.47272142513620874,0.30145039725178546
ppb,PyG_GIN_h128_e100,42,17,0.5815379492393354,0.4666226905242674,0.2764327856977872
ppb,PyG_GIN_h128_e100,42,18,0.568127255614211,0.3972337639078559,0.20306969476021486
ppb,PyG_GIN_h128_e100,42,19,0.5552963316440582,0.47371026303158736,0.19953430875383604
ppb,PyG_GIN_h128_e100,42,20,0.5304882355579515,0.5088733937328274,0.27544807644404357
ppb,PyG_GIN_h128_e100,42,21,0.5305776530649604,0.14266419375741024,-0.09312563197755841
ppb,PyG_GIN_h128_e100,42,22,0.5381546253111305,0.5161072801505855,0.23893212941507624
ppb,PyG_GIN_h128_e100,42,23,0.5322771570304545,0.3779297444669367,0.2076967521053258
ppb,PyG_GIN_h128_e100,42,24,0.5177567528515328,0.5325704048834168,0.23317940336210607
ppb,PyG_GIN_h128_e100,42,25,0.5122707816885739,0.49935719064092465,0.21356627935241135
ppb,PyG_GIN_h128_e100,42,26,0.5153199783185634,0.5111367205354327,0.16132248720586317
ppb,PyG_GIN_h128_e100,42,27,0.5094112466748167,0.564248375092198,0.27678697697407173
ppb,PyG_GIN_h128_e100,42,28,0.4855841710800078,0.5380707745897266,0.24582943546360203
ppb,PyG_GIN_h128_e100,42,29,0.4955969867182941,0.5421823923571079,0.23706777315155003
ppb,PyG_GIN_h128_e100,42,30,0.4911543367112555,0.5398124394894201,0.2759154741033817
ppb,PyG_GIN_h128_e100,42,31,0.48994038126817563,0.4501037819929298,0.15576711444214142
ppb,PyG_GIN_h128_e100,42,32,0.48771357609004506,0.3290385636377381,0.041312095712728314
ppb,PyG_GIN_h128_e100,42,33,0.47970837500037217,0.5779588327624474,0.20969821616170548
ppb,PyG_GIN_h128_e100,42,34,0.47390196236168464,0.4962996024007744,0.1793300388085769
ppb,PyG_GIN_h128_e100,42,35,0.4603466006313882,0.37618337292106285,0.011482104454198727
ppb,PyG_GIN_h128_e100,42,36,0.4814713484630352,0.5501689686038318,0.2336847692966395
ppb,PyG_GIN_h128_e100,42,37,0.47559665252522726,0.595418985625956,0.254629480699205
ppb,PyG_GIN_h128_e100,42,38,0.4747710773130743,0.5722301528717815,0.2772969240601849
ppb,PyG_GIN_h128_e100,42,39,0.45696251203374166,0.5707489360740563,0.21050772327352996
ppb,PyG_GIN_h128_e100,42,40,0.4645913701231887,0.5271521670547314,0.24370966094035207
ppb,PyG_GIN_h128_e100,42,41,0.44484953473253946,0.5818073558395489,0.20090737865270003
ppb,ChemBERTa_zinc_base_v1,44,1,1.0235594249353177,0.04147434668965866,0.005128950861335024
ppb,ChemBERTa_zinc_base_v1,44,2,0.9450444608199887,0.09769028955760761,0.052318548566469336
ppb,ChemBERTa_zinc_base_v1,44,3,0.9400568967912255,0.23630267146181705,0.13972828300071127
ppb,ChemBERTa_zinc_base_v1,44,4,0.7802020013332367,0.3464638936398198,0.18167857521094288
ppb,ChemBERTa_zinc_base_v1,44,5,0.7023746433054529,0.45424781725850305,0.2189368256763604
ppb,ChemBERTa_zinc_base_v1,44,6,0.6090608466325736,0.510488823031209,0.20690413184961198
ppb,ChemBERTa_zinc_base_v1,44,7,0.534933630104472,0.6072593301842186,0.23423555896209347
ppb,ChemBERTa_zinc_base_v1,44,8,0.48508609649611684,0.6873248156803664,0.2720706092922375
ppb,ChemBERTa_zinc_base_v1,44,9,0.4159605190521333,0.7490763459211669,0.31883641129384543
ppb,ChemBERTa_zinc_base_v1,44,10,0.36985527451445416,0.7910718321825551,0.28598040913839595
ppb,ChemBERTa_zinc_base_v1,44,11,0.292269708543289,0.8273974347884937,0.3425598872089862
ppb,ChemBERTa_zinc_base_v1,44,12,0.29153886037628823,0.8495232709925775,0.30894734654992906
ppb,ChemBERTa_zinc_base_v1,44,13,0.2322660301153253,0.8702114112399744,0.3098928995511169
ppb,ChemBERTa_zinc_base_v1,44,14,0.20544702196266593,0.8704804013888946,0.29866790995982884
ppb,ChemBERTa_zinc_base_v1,44,15,0.19472013032290994,0.8932539544406272,0.32236571451262197
ppb,ChemBERTa_zinc_base_v1,44,16,0.17855285071745153,0.8915436525086241,0.28982930619092073
ppb,ChemBERTa_zinc_base_v1,44,17,0.1744124580447267,0.8976179078070218,0.302048976366197
ppb,ChemBERTa_zinc_base_v1,44,18,0.19286366497598043,0.8962583036198472,0.24937753020799047
ppb,ChemBERTa_zinc_base_v1,44,19,0.16180142614899612,0.9059895203576926,0.27498116620889446
ppb,ChemBERTa_zinc_base_v1,44,20,0.16199870752852139,0.9115986617583648,0.2894033181914494
ppb,ChemBERTa_zinc_base_v1,43,1,0.9933622006962939,0.041704557636712214,0.08188956468395214
ppb,ChemBERTa_zinc_base_v1,43,2,0.979082053027502,0.09235966711930232,0.08852780485190992
ppb,ChemBERTa_zinc_base_v1,43,3,0.8814310765847927,0.272038924754313,0.19591601126717195
ppb,ChemBERTa_zinc_base_v1,43,4,0.7599134844977681,0.3722577632313635,0.24154219361802542
ppb,ChemBERTa_zinc_base_v1,43,5,0.6870202749240689,0.46849683450529767,0.2280419619080375
ppb,ChemBERTa_zinc_base_v1,43,6,0.5725648312306986,0.5223639303657847,0.21661865685386672
ppb,ChemBERTa_zinc_base_v1,43,7,0.5292072677757682,0.6439713149189464,0.2997008434992642
ppb,ChemBERTa_zinc_base_v1,43,8,0.44604132669727975,0.7179494242359821,0.331957998076697
ppb,ChemBERTa_zinc_base_v1,43,9,0.40142663840840503,0.7586659031880272,0.33455357788681506
ppb,ChemBERTa_zinc_base_v1,43,10,0.336170948496679,0.8130430546550242,0.30996670180428376
ppb,ChemBERTa_zinc_base_v1,43,11,0.3006123885875795,0.8254470759336754,0.3331074820536545
ppb,ChemBERTa_zinc_base_v1,43,12,0.2883576181967084,0.8464451371831757,0.3610460482665707
ppb,ChemBERTa_zinc_base_v1,43,13,0.24401170142540118,0.8323292879730066,0.26929737006044796
ppb,ChemBERTa_zinc_base_v1,43,14,0.24591115008040174,0.871919981407335,0.33677392957886876
ppb,ChemBERTa_zinc_base_v1,43,15,0.19559546432844022,0.8816128290770064,0.3258013773726004
ppb,ChemBERTa_zinc_base_v1,43,16,0.1892568383638452,0.8857404131784372,0.3341646079003816
ppb,ChemBERTa_zinc_base_v1,43,17,0.17636994417847657,0.8886999761819121,0.35398499464321254
ppb,ChemBERTa_zinc_base_v1,43,18,0.1660120956054548,0.888654784181671,0.2931064055433259
ppb,ChemBERTa_zinc_base_v1,43,19,0.16018857316273014,0.9036602158766773,0.365148820106619
ppb,ChemBERTa_zinc_base_v1,43,20,0.15934509656778195,0.908558639387022,0.3255369951039371
ppb,ChemBERTa_zinc_base_v1,42,1,1.006853624814894,0.06224678448747023,0.0036339411831579627
ppb,ChemBERTa_zinc_base_v1,42,2,0.9255980776577462,0.1029633305132307,0.031036859447366782
ppb,ChemBERTa_zinc_base_v1,42,3,0.883155650845388,0.25504931716098633,0.14990977394605676
ppb,ChemBERTa_zinc_base_v1,42,4,0.7816846697795682,0.36970002397918356,0.20897449849739635
ppb,ChemBERTa_zinc_base_v1,42,5,0.6880773894670533,0.40370879710372276,0.15374363840343086
ppb,ChemBERTa_zinc_base_v1,42,6,0.6031484191374081,0.5387875521521938,0.21989911506796211
ppb,ChemBERTa_zinc_base_v1,42,7,0.5406089944810402,0.623713680355473,0.23662473035121445
ppb,ChemBERTa_zinc_base_v1,42,8,0.4717787631401202,0.6917301604321453,0.2585105647040141
ppb,ChemBERTa_zinc_base_v1,42,9,0.4161644523463598,0.7406278201333855,0.2814015350105441
ppb,ChemBERTa_zinc_base_v1,42,10,0.37151802803685025,0.7657611442443709,0.260149614191894
ppb,ChemBERTa_zinc_base_v1,42,11,0.30126596732837396,0.8099940441692661,0.2859648511397357
ppb,ChemBERTa_zinc_base_v1,42,12,0.27577663267531044,0.7953469054537222,0.2392513556143917
ppb,ChemBERTa_zinc_base_v1,42,13,0.23583860404607726,0.8327782882609385,0.25423733431341766
ppb,ChemBERTa_zinc_base_v1,42,14,0.24745922662862918,0.8459531067124466,0.25519447441507803
ppb,ChemBERTa_zinc_base_v1,42,15,0.2034793808692839,0.870795501343351,0.269657035856379
ppb,ChemBERTa_zinc_base_v1,42,16,0.18985726993258406,0.8773212303586118,0.28482500752770334
ppb,ChemBERTa_zinc_base_v1,42,17,0.17495042121991877,0.8907830372533158,0.2946135779675505
ppb,ChemBERTa_zinc_base_v1,42,18,0.1747092639164227,0.8845604716077446,0.31329548872025226
ppb,ChemBERTa_zinc_base_v1,42,19,0.15118461447518047,0.9090801354605059,0.3180261999657962
ppb,ChemBERTa_zinc_base_v1,42,20,0.1519584208726883,0.9085600879319738,0.27972737481182686
ppb,PyG_GCN_h128_e100,44,1,0.8867883140720972,0.15602740791094594,0.15246196900764541
ppb,PyG_GCN_h128_e100,44,2,0.8163979111648187,0.2731784632533829,0.20565116844657172
ppb,PyG_GCN_h128_e100,44,3,0.7485344097381685,0.31557074202586766,0.1830210469924929
ppb,PyG_GCN_h128_e100,44,4,0.7574835154341488,0.26425808322472955,0.18876186810416284
ppb,PyG_GCN_h128_e100,44,5,0.7145922238506922,0.3633864001303223,0.22370358008997848
ppb,PyG_GCN_h128_e100,44,6,0.6713643757308402,0.37977892387660894,0.24724185321472802
ppb,PyG_GCN_h128_e100,44,7,0.6772744931825777,0.372905150261873,0.24654015429580145
ppb,PyG_GCN_h128_e100,44,8,0.6769288989101968,0.3167694878617866,0.10250499664504698
ppb,PyG_GCN_h128_e100,44,9,0.6637453182441432,0.35144105926173574,0.2653495710230359
ppb,PyG_GCN_h128_e100,44,10,0.657854264102331,0.4054843433823009,0.2739332718375883
ppb,PyG_GCN_h128_e100,44,11,0.6333686898394328,0.3968222033168526,0.22633787795630633
ppb,PyG_GCN_h128_e100,44,12,0.6255947057066894,0.42429897375122205,0.2594712652829878
ppb,PyG_GCN_h128_e100,44,13,0.6390788344348349,0.3350181765572391,0.17795921930825098
ppb,PyG_GCN_h128_e100,44,14,0.6421972222444488,0.39987134348954345,0.2407765970646497
ppb,PyG_GCN_h128_e100,44,15,0.628843986043116,0.39256699546787976,0.24014190166111438
ppb,PyG_GCN_h128_e100,44,16,0.643443746537697,0.45196800278098326,0.2449169003401076
ppb,PyG_GCN_h128_e100,44,17,0.5976683243018824,0.47561723729752403,0.3035737933175461
ppb,PyG_GCN_h128_e100,44,18,0.5953210221558083,0.4468491287404419,0.29206509321414786
ppb,PyG_GCN_h128_e100,44,19,0.6149196381249079,0.44759505827949464,0.21123487372743865
ppb,PyG_GCN_h128_e100,44,20,0.6144496464147801,0.42844459133423485,0.1958985444688961
ppb,PyG_GCN_h128_e100,44,21,0.5846603461881963,0.43046262699556814,0.252539441657186
ppb,PyG_GCN_h128_e100,44,22,0.5899530852713236,0.41416032915876033,0.20752734722605826
ppb,PyG_GCN_h128_e100,44,23,0.5652495782549788,0.43239589436786585,0.19707431995940727
ppb,PyG_GCN_h128_e100,44,24,0.5787458892275648,0.47261394084096653,0.25558315480709337
ppb,PyG_GCN_h128_e100,44,25,0.5789899629790608,0.4995511170481637,0.27898578284686093
ppb,PyG_GCN_h128_e100,44,26,0.5575016228164115,0.48705212363192885,0.24602720541973466
ppb,PyG_GCN_h128_e100,44,27,0.5651494217355076,0.49563835676621604,0.2856210218205114
ppb,PyG_GCN_h128_e100,44,28,0.5593151664588509,0.4949793256457242,0.2444083310590318
ppb,PyG_GCN_h128_e100,44,29,0.6163110765742092,0.47188232605875324,0.23373673975832
ppb,PyG_GCN_h128_e100,44,30,0.5826124396266007,0.4990300420446572,0.30446421038251215
ppb,PyG_GCN_h128_e100,44,31,0.57346733677678,0.4861216801916035,0.2941011241013296
ppb,PyG_GCN_h128_e100,44,32,0.5929113241230569,0.512328305482127,0.24966994490273842
ppb,PyG_GCN_h128_e100,44,33,0.5747091079630503,0.5011073249226645,0.2553858249154469
ppb,PyG_GCN_h128_e100,44,34,0.5864437411471111,0.49994569171270864,0.2986634744007364
ppb,PyG_GCN_h128_e100,44,35,0.5606779118136662,0.4903988518030169,0.17384406509368389
ppb,PyG_GCN_h128_e100,44,36,0.5591310070055288,0.5321519873592461,0.2771594097432163
ppb,PyG_GCN_h128_e100,44,37,0.5513273648372511,0.5278614714685352,0.290907739507529
ppb,PyG_GCN_h128_e100,44,38,0.5465444202830152,0.5230135885768556,0.28973732725308843
ppb,PyG_GCN_h128_e100,44,39,0.5592467141587559,0.5156609485502909,0.28375803767277663
ppb,PyG_GCN_h128_e100,44,40,0.5362689197063446,0.4361668680758094,0.1788790942682198
ppb,PyG_GCN_h128_e100,44,41,0.5408005758029658,0.4987685791799923,0.21888395851618236
ppb,PyG_GCN_h128_e100,44,42,0.5500948519968405,0.5066520443591347,0.2075910747835924
ppb,PyG_GCN_h128_e100,44,43,0.5342310063722657,0.5353385979241756,0.2778178538951638
ppb,PyG_GCN_h128_e100,44,44,0.5548478095996671,0.5490433769616286,0.2490581986940712
ppb,PyG_GCN_h128_e100,44,45,0.5297365697418771,0.5384334764032684,0.24568474700230136
ppb,PyG_GCN_h128_e100,44,46,0.5072821298750435,0.5618721716877562,0.2723160989079404
ppb,PyG_GCN_h128_e100,44,47,0.5281163712100285,0.5396761678384664,0.23200492841692544
ppb,PyG_GCN_h128_e100,44,48,0.5277003943920135,0.541014598860948,0.26558565418801194
ppb,PyG_GCN_h128_e100,44,49,0.5142556665147223,0.48245422277016325,0.18059853735178577
ppb,PyG_GCN_h128_e100,44,50,0.5340173953190083,0.5422284709897469,0.25566386362680105
ppb,PyG_GCN_h128_e100,44,51,0.5361124062683524,0.4485428925924503,0.15086901237217354
ppb,PyG_GCN_h128_e100,44,52,0.5173059643768683,0.5619007884116767,0.28711873719942904
ppb,PyG_GCN_h128_e100,44,53,0.5099440373298598,0.5430711391043406,0.26741716864242504
ppb,PyG_GCN_h128_e100,44,54,0.5175204277038574,0.5232410892378428,0.2131127882763294
ppb,PyG_GCN_h128_e100,44,55,0.5310883852766781,0.5450590093317461,0.25069726558651784
ppb,PyG_GCN_h128_e100,43,1,0.8952912615566719,0.05296603489783702,-0.013703445517118329
ppb,PyG_GCN_h128_e100,43,2,0.8107167271579184,0.27374741555926796,0.16386609390061824
ppb,PyG_GCN_h128_e100,43,3,0.7742108172032891,0.294429994743135,0.17627772791984886
ppb,PyG_GCN_h128_e100,43,4,0.7198846881709448,0.3300672260202858,0.2297477258486934
ppb,PyG_GCN_h128_e100,43,5,0.7033646564658095,0.34837583768874947,0.22403872946116732
ppb,PyG_GCN_h128_e100,43,6,0.711860534621448,0.3605346831782955,0.23605499583593637
ppb,PyG_GCN_h128_e100,43,7,0.6943830338920035,0.3724830813923564,0.1492246335226023
ppb,PyG_GCN_h128_e100,43,8,0.6712990730274014,0.3317319355107564,0.16407770462364912
ppb,PyG_GCN_h128_e100,43,9,0.6511950994410166,0.41738831292560674,0.32483407623782246
ppb,PyG_GCN_h128_e100,43,10,0.6627811956696394,0.4114518467702828,0.3024671891666175
ppb,PyG_GCN_h128_e100,43,11,0.6378696771656595,0.386776319028865,0.21717462217886074
ppb,PyG_GCN_h128_e100,43,12,0.6593421450475367,0.43975088436985765,0.27520101188650326
ppb,PyG_GCN_h128_e100,43,13,0.6286606432461157,0.45371862256470696,0.3123949115945638
ppb,PyG_GCN_h128_e100,43,14,0.6104836482100371,0.4524377299360116,0.31585427587154424
ppb,PyG_GCN_h128_e100,43,15,0.6298005184749278,0.32499960393721794,0.14651407170386
ppb,PyG_GCN_h128_e100,43,16,0.6023438122214341,0.35178100708340576,0.18454411762005707
ppb,PyG_GCN_h128_e100,43,17,0.6019278881026477,0.4256813755616564,0.28691343680540216
ppb,PyG_GCN_h128_e100,43,18,0.6141028069868321,0.4148947984552701,0.2277589889691034
ppb,PyG_GCN_h128_e100,43,19,0.6162909465592082,0.35374684492086383,0.18390593622619145
ppb,PyG_GCN_h128_e100,43,20,0.6121568785208028,0.45990589157869644,0.27282210953313146
ppb,PyG_GCN_h128_e100,43,21,0.6002884463566106,0.4883170411052046,0.26011831828133514
ppb,PyG_GCN_h128_e100,43,22,0.6047493230278899,0.47897639963847627,0.28426593680483014
ppb,PyG_GCN_h128_e100,43,23,0.6036532488537998,0.4775372287306364,0.2671257908315092
ppb,PyG_GCN_h128_e100,43,24,0.5916867830404421,0.4528936802725083,0.23641863532015306
ppb,PyG_GCN_h128_e100,43,25,0.5825296796676589,0.4726835717837199,0.2239013665656856
ppb,PyG_GCN_h128_e100,43,26,0.5632748592917513,0.4710935005156496,0.2712497226096551
ppb,PyG_GCN_h128_e100,43,27,0.5682117364755491,0.4904844547681817,0.24667692976015987
ppb,PyG_GCN_h128_e100,43,28,0.5925108703171335,0.4947267178292033,0.24521496206930193
ppb,PyG_GCN_h128_e100,43,29,0.591372475391481,0.495580811235137,0.31372684551281926
ppb,PyG_GCN_h128_e100,43,30,0.5936015299180659,0.4645231998134953,0.2216933254736514
ppb,PyG_GCN_h128_e100,43,31,0.5964582904082972,0.5129924708156088,0.30548939711579837
ppb,PyG_GCN_h128_e100,43,32,0.5701698035728641,0.5203537433748728,0.29572572723311075
ppb,PyG_GCN_h128_e100,43,33,0.5592110255142537,0.4442500942600477,0.21605303159258804
ppb,PyG_GCN_h128_e100,43,34,0.5646960262845202,0.5101874266612426,0.30300384163931515
ppb,PyG_GCN_h128_e100,42,1,0.9276794053432418,0.04245218752912927,-0.022851238790221107
ppb,PyG_GCN_h128_e100,42,2,0.8104263667653246,0.26643550740360744,0.1776152382401578
ppb,PyG_GCN_h128_e100,42,3,0.7557808353406626,0.329288220957353,0.1957879187561088
ppb,PyG_GCN_h128_e100,42,4,0.7373242356428286,0.2923951686026939,0.1279598648397171
ppb,PyG_GCN_h128_e100,42,5,0.7064022007511883,0.37260351287365256,0.25807601524445745
ppb,PyG_GCN_h128_e100,42,6,0.7058842385687479,0.2548623839385682,0.1023774698246086
ppb,PyG_GCN_h128_e100,42,7,0.7017903480587936,0.36024619529741986,0.21200949678996484
ppb,PyG_GCN_h128_e100,42,8,0.6690574862608095,0.4067817689956571,0.20058683699356394
ppb,PyG_GCN_h128_e100,42,9,0.651970500989658,0.3077300525501345,0.16160435952490015
ppb,PyG_GCN_h128_e100,42,10,0.6505586730270851,0.3175844155675319,0.12469988069088367
ppb,PyG_GCN_h128_e100,42,11,0.645898725201444,0.4363858675633663,0.2661405879239681
ppb,PyG_GCN_h128_e100,42,12,0.6298874623891784,0.4370588131974208,0.24807672504444211
ppb,PyG_GCN_h128_e100,42,13,0.644283743893228,0.43241792528104606,0.25914363135108953
ppb,PyG_GCN_h128_e100,42,14,0.6190452328542384,0.4493992056880156,0.24716305044210252
ppb,PyG_GCN_h128_e100,42,15,0.6135284733481523,0.4554352255685733,0.24993400823889522
ppb,PyG_GCN_h128_e100,42,16,0.6148966307320246,0.45941242722464126,0.256556475609088
ppb,PyG_GCN_h128_e100,42,17,0.622222487155984,0.4364443690570967,0.23824524551199056
ppb,PyG_GCN_h128_e100,42,18,0.5951391360381755,0.41239224388302054,0.22974212216880263
ppb,PyG_GCN_h128_e100,42,19,0.6026659193562298,0.4821758098361467,0.26984564638064723
ppb,PyG_GCN_h128_e100,42,20,0.6020384590800215,0.45261278326719445,0.24056311559545063
ppb,PyG_GCN_h128_e100,42,21,0.5872894605485405,0.45966300180441366,0.2396220908061939
ppb,PyG_GCN_h128_e100,42,22,0.5908486835840272,0.41163110152595683,0.21245768721526836
ppb,PyG_GCN_h128_e100,42,23,0.5812357711355861,0.4892517916680841,0.282641174796031
ppb,PyG_GCN_h128_e100,42,24,0.6028297463568245,0.4968183999007978,0.2691552979436933
ppb,PyG_GCN_h128_e100,42,25,0.5851756446972126,0.47488494558326777,0.2785956604858223
ppb,PyG_GCN_h128_e100,42,26,0.5797403218542657,0.43164458820651697,0.2538190047469706
ppb,PyG_GCN_h128_e100,42,27,0.5634539396297641,0.503786499482265,0.29598994017892344
ppb,PyG_GCN_h128_e100,42,28,0.5704095683446745,0.5119057284107421,0.3032404038307509
ppb,PyG_GCN_h128_e100,42,29,0.578660224995962,0.513698536153343,0.300466380880384
ppb,PyG_GCN_h128_e100,42,30,0.5676283367523333,0.5077600187693216,0.2866888465197903
ppb,PyG_GCN_h128_e100,42,31,0.5804310938934001,0.5262818344509486,0.3228218419229354
ppb,PyG_GCN_h128_e100,42,32,0.5432272415335585,0.5047788827774848,0.2305977931563744
ppb,PyG_GCN_h128_e100,42,33,0.5452843511976847,0.47631384145290023,0.2524308008565642
ppb,PyG_GCN_h128_e100,42,34,0.5565874180415782,0.5392812551661681,0.2746290672189138
ppb,PyG_GCN_h128_e100,42,35,0.5604235497189731,0.48983044586749047,0.2205351679659585
ppb,PyG_GCN_h128_e100,42,36,0.535263618318046,0.5369386366463554,0.2969866677887094
ppb,PyG_GCN_h128_e100,42,37,0.5490940267719874,0.5329232241023169,0.3007724427478443
ppb,PyG_GCN_h128_e100,42,38,0.5278090747391305,0.4793830672587194,0.2307001195131344
ppb,PyG_GCN_h128_e100,42,39,0.5720276599977074,0.5433734022137396,0.26445015379300507
ppb,PyG_GCN_h128_e100,42,40,0.5392044382851299,0.5255103749966721,0.27960651774534684
ppb,PyG_GCN_h128_e100,42,41,0.5218478423066255,0.5491081427167466,0.28979718304043334
ppb,PyG_GCN_h128_e100,42,42,0.5393623775098382,0.5182531231846103,0.17023681099686883
ppb,PyG_GCN_h128_e100,42,43,0.532456018212365,0.5424772747086273,0.2715045355994621
ppb,PyG_GCN_h128_e100,42,44,0.5508073441139082,0.5131656206515331,0.2022510582534598
ppb,PyG_GCN_h128_e100,42,45,0.5357164885939621,0.5441526875222041,0.27310548384506683
ppb,PyG_GCN_h128_e100,42,46,0.5389297397398367,0.5527942104139885,0.2563866101665666
ppb,PyG_GCN_h128_e100,42,47,0.5196067025748695,0.5688501668770293,0.28167918935537706
ppb,PyG_GCN_h128_e100,42,48,0.5287807540195745,0.5447524091949524,0.21762237683789332
ppb,PyG_GCN_h128_e100,42,49,0.5324400721526727,0.5133003450167463,0.21526489309571506
ppb,PyG_GCN_h128_e100,42,50,0.5124554088929805,0.5653774086905705,0.3107262107441616
ppb,PyG_GCN_h128_e100,42,51,0.5230250856498393,0.49596869812285027,0.21890104866095406
ppb,PyG_GCN_h128_e100,42,52,0.5281578367803155,0.5536832911303742,0.27598744612764103
ppb,PyG_GCN_h128_e100,42,53,0.5208566414146889,0.5439116046697186,0.24267007212050595
ppb,PyG_GCN_h128_e100,42,54,0.5035965886057877,0.5333459591001839,0.27442575670089897
ppb,PyG_GCN_h128_e100,42,55,0.5429492018571714,0.5708736804107941,0.3042176933876737
ppb,PyG_GCN_h128_e100,42,56,0.49922388610316487,0.5701509094500348,0.26704628205269565
ppb,Multimodal_ChemBERTa_GCN_GIN_GAT_e20,42,1,0.9622493246455252,0.1381868188287111,0.07274149302276156
ppb,Multimodal_ChemBERTa_GCN_GIN_GAT_e20,42,2,0.7616817189587487,0.30204258394221795,0.2004531776222671
ppb,Multimodal_ChemBERTa_GCN_GIN_GAT_e20,42,3,0.7138881828681922,0.522813016572715,0.36613134507393963
ppb,Multimodal_ChemBERTa_GCN_GIN_GAT_e20,42,4,0.5801227385707107,0.5082734084766751,0.36791882906577356
ppb,Multimodal_ChemBERTa_GCN_GIN_GAT_e20,42,5,0.5319608382788705,0.5103686847862916,0.4102085892777625
ppb,Multimodal_ChemBERTa_GCN_GIN_GAT_e20,42,6,0.46714342702870015,0.6925549295869142,0.4348988357428861
ppb,Multimodal_ChemBERTa_GCN_GIN_GAT_e20,42,7,0.40039521110830484,0.612806947331473,0.41464153579476104
ppb,Multimodal_ChemBERTa_GCN_GIN_GAT_e20,42,8,0.33712141510145166,0.7711552935600902,0.40250257532222367
ppb,Multimodal_ChemBERTa_GCN_GIN_GAT_e20,42,9,0.31625653076686977,0.7144252032779144,0.31809809101367925
ppb,Multimodal_ChemBERTa_GCN_GIN_GAT_e20,42,10,0.30102851720135887,0.8100546638776414,0.4368626451323745
ppb,Multimodal_ChemBERTa_GCN_GIN_GAT_e20,42,11,0.26093383804883485,0.8181184954667257,0.40460428482690924
ppb,Multimodal_ChemBERTa_GCN_GIN_GAT_e20,42,12,0.224273034773859,0.820404328747077,0.3627661414519252
ppb,Multimodal_ChemBERTa_GCN_GIN_GAT_e20,42,13,0.20442682601235532,0.889975565501958,0.4328583743857095
ppb,Multimodal_ChemBERTa_GCN_GIN_GAT_e20,42,14,0.213194076201798,0.8509600706198597,0.39002153515062443
ppb,Multimodal_ChemBERTa_GCN_GIN_GAT_e20,42,15,0.1893123294238323,0.8855086398757097,0.4467963715916823
ppb,Multimodal_ChemBERTa_GCN_GIN_GAT_e20,42,16,0.16600040332586677,0.8958927586891507,0.3907107577691613
ppb,Multimodal_ChemBERTa_GCN_GIN_GAT_e20,42,17,0.16749682778745523,0.8808408626309931,0.41427989263146503
ppb,Multimodal_ChemBERTa_GCN_GIN_GAT_e20,42,18,0.15791505253241386,0.914947536836107,0.4221676489381745
ppb,Multimodal_ChemBERTa_GCN_GIN_GAT_e20,42,19,0.1562694637219847,0.856367777673175,0.3955512073674614
ppb,Multimodal_ChemBERTa_GCN_GIN_GAT_e20,42,20,0.13653434394502345,0.8964206681784128,0.42780955431991285
