dataset,model,seed,split,split_name,rmse,mae,r2,train_r2,valid_r2,train_time_sec,n_estimators,epochs,lr,batch_size,best_epoch,freeze_epochs,weight_decay,hidden,arch,picp,mpiw,alpha,n_ensemble,uq_method
ppb,RandomForest_ECFP,42,scaffold,test,1.004199542036167,0.69518147328691,-0.0697432746983868,0.8857136083141472,0.1615564068292508,4.087,200.0,,,,,,,,,,,,,
ppb,RandomForest_ECFP,43,scaffold,test,1.0152766771367665,0.6997449188230564,-0.0934737109836252,0.8824978918919717,0.1739400031556952,5.504,200.0,,,,,,,,,,,,,
ppb,RandomForest_ECFP,44,scaffold,test,1.0198496022154018,0.6971338755550243,-0.1033461617200623,0.8856530857364462,0.1703053160671092,4.966,200.0,,,,,,,,,,,,,
ppb,ChemBERTa_zinc_base_v1,42,scaffold,test,0.9386449586986604,0.6062128283184045,0.0653645822840967,0.8580373088232952,0.3121629804418054,606.726,,10.0,2e-05,16.0,,,,,,,,,,
ppb,ChemBERTa_zinc_base_v1_lr1e-05_e20,42,scaffold,test,0.9267324122052067,0.6006367287848627,0.0889373644614367,0.9090801354605058,0.3180261999657962,1065.113,,20.0,1e-05,32.0,19.0,2.0,0.01,,,,,,,
ppb,ChemBERTa_zinc_base_v1_lr1e-05_e20,43,scaffold,test,0.9082438261627508,0.5868393715893574,0.1249266872063918,0.9036602158766772,0.365148820106619,1077.781,,20.0,1e-05,32.0,19.0,2.0,0.01,,,,,,,
ppb,ChemBERTa_zinc_base_v1_lr1e-05_e20,44,scaffold,test,0.8760470402339877,0.588469398223772,0.185868827544822,0.8273974347884937,0.3425598872089862,1153.951,,20.0,1e-05,32.0,11.0,2.0,0.01,,,,,,,
ppb,XGBoost_ECFP,42,scaffold,test,0.9896498878220732,0.6737997204018547,-0.0389692316213425,0.9175686476829576,0.2406944263934562,0.372,300.0,,,,,,,,,,,,,
ppb,XGBoost_ECFP,43,scaffold,test,0.982040219815202,0.6709035366857137,-0.0230528664656899,0.9139490437294138,0.2484281964419672,0.367,300.0,,,,,,,,,,,,,
ppb,XGBoost_ECFP,44,scaffold,test,1.003178261310432,0.6777076683456837,-0.0675685024614265,0.9195551435491645,0.2772654177137196,0.37,300.0,,,,,,,,,,,,,
ppb,PyG_GIN_h128_e100,42,scaffold,test,0.9523028405217048,0.6942574730312544,0.0379676194137689,0.4727214248922994,0.3014503909305006,222.512,,100.0,0.001,32.0,16.0,,,128.0,gin,,,,,
ppb,PyG_GIN_h128_e100,43,scaffold,test,0.9674516693197904,0.7060801926870934,0.0071169718436719,0.5142388584417152,0.2925014939356019,218.807,,100.0,0.001,32.0,24.0,,,128.0,gin,,,,,
ppb,PyG_GIN_h128_e100,44,scaffold,test,0.9207267042998686,0.6463818656680186,0.1007074216466135,0.5446907840248706,0.2974852534418211,233.995,,100.0,0.001,32.0,28.0,,,128.0,gin,,,,,
ppb,PyG_GCN_h128_e100,42,scaffold,test,0.8771774222932639,0.6156781762996458,0.1837664906682156,0.5262818399249536,0.3228218412078487,289.169,,100.0,0.001,32.0,31.0,,,128.0,gcn,,,,,
ppb,PyG_GCN_h128_e100,43,scaffold,test,0.9065174830168272,0.5882675544585871,0.1282501143827842,0.4173883163419453,0.3248340781013098,155.888,,100.0,0.001,32.0,9.0,,,128.0,gcn,,,,,
ppb,PyG_GCN_h128_e100,44,scaffold,test,0.9102203903223336,0.6259170606557027,0.121113789042387,0.4990300411850816,0.3044642086453262,243.942,,100.0,0.001,32.0,30.0,,,128.0,gcn,,,,,
ppb,RF_conformal,42,scaffold,test,1.004199542036167,0.69518147328691,-0.0697432746983868,0.8857136083141472,0.1615564068292508,3.387,,,,,,,,,,0.9197530864197532,3.4891369570501505,0.1,,
ppb,RF_conformal,43,scaffold,test,1.0152766771367665,0.6997449188230566,-0.0934737109836252,0.8824978918919717,0.1739400031556952,3.244,,,,,,,,,,0.9197530864197532,3.4005256561424533,0.1,,
ppb,RF_conformal,44,scaffold,test,1.0198496022154018,0.6971338755550243,-0.1033461617200623,0.8856530857364462,0.1703053160671092,3.37,,,,,,,,,,0.9197530864197532,3.51072273153767,0.1,,
ppb,PyG_GAT_h128_e100,42,scaffold,test,0.921067221324187,0.6129735816661038,0.1000421187774575,0.5157673440415314,0.3041423671229465,2548.674,,100.0,0.001,32.0,54.0,,,128.0,gat,,,,,
ppb,Multimodal_ChemBERTa_GIN_e20,42,scaffold,test,0.8649505955429896,0.5712721176822038,0.2063625837103709,0.910380784211181,0.4720602338352816,1200.55,,20.0,1e-05,16.0,20.0,2.0,,,,,,,,
ppb,Multimodal_ChemBERTa_GIN_e20,43,scaffold,test,0.8651049773664153,0.5512639839808675,0.2060792516300138,0.8497603232245394,0.4588978146131742,1201.594,,20.0,1e-05,16.0,10.0,2.0,,,,,,,,
ppb,Multimodal_ChemBERTa_GIN_e20,44,scaffold,test,0.8673291594294865,0.6019584902642686,0.2019916685077035,0.6404629014282288,0.4669703504570366,1220.951,,20.0,1e-05,16.0,5.0,2.0,,,,,,,,
ppb,RF_ensemble5_conformal,42,scaffold,test,1.0125948040157855,0.6953461007409033,-0.0877044766148669,0.8868034697661165,0.174644042179728,15.76,,,,,,,,,,0.9197530864197532,3.5227209832921167,0.1,5.0,ensemble_mean+split_conformal
ppb,PyG_GAT_h128_e100,43,scaffold,test,0.8964649797981388,0.5551187873783486,0.1474768366898432,0.3704324685211625,0.2721052746756013,832.771,,100.0,0.001,16.0,13.0,,,128.0,gat,,,,,
ppb,PyG_GAT_h128_e100,44,scaffold,test,0.8755102221551969,0.5359400921374743,0.1868662772445102,0.4227702484367064,0.2829906579373393,1399.899,,100.0,0.001,16.0,40.0,,,128.0,gat,,,,,
ppb,RandomForest_ECFP_random,42,random,test,0.7600581117480133,0.5115414134956864,0.2532263709080923,0.8875728204697223,0.1748793243656753,3.682,200.0,,,,,,,,,,,,,
ppb,RandomForest_ECFP_random,43,random,test,0.7532917127545071,0.5075591438858598,0.2664634544684285,0.8844742733214841,0.1811323193306483,3.565,200.0,,,,,,,,,,,,,
ppb,RandomForest_ECFP_random,44,random,test,0.763550929593988,0.5083487513200246,0.2463470613103354,0.8836404064815299,0.1968249475478221,3.906,200.0,,,,,,,,,,,,,
ppb,Multimodal_ChemBERTa_GCN_e20,42,scaffold,test,0.8961332713214617,0.5784270351301349,0.1481076183659119,0.8657022786639517,0.4505057748401173,1372.689,,20.0,1e-05,16.0,13.0,2.0,,128.0,gcn,,,,,
ppb,Multimodal_ChemBERTa_GCN_e20,43,scaffold,test,0.8122838292311783,0.5347160412398179,0.3000691344219384,0.665341297365625,0.4414874242424612,1263.957,,20.0,1e-05,16.0,5.0,2.0,,128.0,gcn,,,,,
ppb,Multimodal_ChemBERTa_GCN_e20,44,scaffold,test,0.8442084826308759,0.5488251695670993,0.2439701310340842,0.8655582872261247,0.4525893273343908,1259.755,,20.0,1e-05,16.0,15.0,2.0,,128.0,gcn,,,,,
ppb,Multimodal_ChemBERTa_GAT_e20,42,scaffold,test,0.8719381518222328,0.5479944498712243,0.1934878916329493,0.7591404371786975,0.4409546745761565,1696.764,,20.0,1e-05,16.0,7.0,2.0,,128.0,gat,,,,,
ppb,Multimodal_ChemBERTa_GAT_e20,43,scaffold,test,0.8866677786721335,0.6055651714918951,0.1660089622021824,0.8393355315769536,0.4457850387874591,1741.025,,20.0,1e-05,16.0,10.0,2.0,,128.0,gat,,,,,
ppb,Multimodal_ChemBERTa_GAT_e20,44,scaffold,test,0.8832938776648027,0.6042358812597224,0.1723438032848154,0.6162399512299765,0.4319009350008861,1760.424,,20.0,1e-05,16.0,5.0,2.0,,128.0,gat,,,,,
ppb,TripleGNN_GCN_GIN_GAT_h128_e100,42,scaffold,test,0.89518296861699,0.6311382181126118,0.1499134354564433,0.5230490761882903,0.3715530393865289,2673.755,,100.0,0.001,16.0,12.0,,,128.0,gcn+gin+gat,,,,,
ppb,TripleGNN_GCN_GIN_GAT_h128_e100,43,scaffold,test,0.8881579879313481,0.541219678333742,0.1632032539267472,0.6134364157691838,0.3939045730002215,4164.549,,100.0,0.001,16.0,29.0,,,128.0,gcn+gin+gat,,,,,
ppb,TripleGNN_GCN_GIN_GAT_h128_e100,44,scaffold,test,0.8131450810357927,0.5536600427089811,0.2985840961189775,0.5503854155623414,0.3980072848351148,3096.816,,100.0,0.001,16.0,17.0,,,128.0,gcn+gin+gat,,,,,
ppb,Multimodal_ChemBERTa_GCN_GIN_GAT_e20,42,scaffold,test,0.8425072519015797,0.5308815634875547,0.2470141310161538,0.8855086404110708,0.4467963702452397,2938.822,,20.0,1e-05,16.0,15.0,2.0,,128.0,gcn+gin+gat,,,,,
